customer_id,company_size,industry,monthly_revenue,months_as_customer,contract_type,support_tickets_monthly,feature_usage_score,login_frequency_monthly,active_users,customer_satisfaction,churned
CUST00001,Medium (51-200),Technology,1882,5,Monthly,6,72.6,20,7,3.8,0
CUST00002,Enterprise (1000+),Finance,18758,16,Monthly,6,69.0,27,27,4.0,1
CUST00003,Large (201-1000),Manufacturing,6277,10,Multi-Year,3,78.2,17,22,4.2,0
CUST00004,Medium (51-200),Retail,2975,12,Monthly,2,24.9,5,4,4.1,1
CUST00005,Small (1-50),Manufacturing,673,27,Monthly,2,69.7,31,8,3.6,0
CUST00006,Small (1-50),Retail,749,19,Annual,1,69.7,19,1,4.9,0
CUST00007,Small (1-50),Retail,924,4,Monthly,2,61.4,9,4,4.8,0
CUST00008,Large (201-1000),Manufacturing,6062,19,Annual,4,91.7,16,17,4.2,0
CUST00009,Medium (51-200),Technology,1594,18,Monthly,2,61.1,16,21,4.7,0
CUST00010,Large (201-1000),Finance,6250,26,Annual,9,63.1,7,18,3.6,0
CUST00011,Small (1-50),Technology,508,6,Monthly,3,67.9,17,4,4.7,0
CUST00012,Enterprise (1000+),Education,12559,8,Monthly,7,81.8,20,102,3.9,0
CUST00013,Large (201-1000),Education,3112,19,Multi-Year,3,79.0,29,27,4.8,0
CUST00014,Small (1-50),Technology,310,6,Monthly,1,60.4,13,2,3.6,0
CUST00015,Small (1-50),Retail,424,15,Annual,0,67.6,30,1,4.7,0
CUST00016,Small (1-50),Education,863,8,Monthly,1,90.8,14,6,5.0,0
CUST00017,Small (1-50),Technology,629,12,Monthly,1,78.5,24,1,3.8,1
CUST00018,Medium (51-200),Finance,2924,3,Multi-Year,3,68.4,8,7,4.9,0
CUST00019,Medium (51-200),Education,2306,10,Monthly,3,70.4,25,12,4.7,0
CUST00020,Small (1-50),Technology,438,22,Annual,1,78.2,35,1,3.6,1
CUST00021,Medium (51-200),Retail,2424,17,Multi-Year,4,58.7,22,15,3.9,0
CUST00022,Small (1-50),Healthcare,395,4,Annual,1,68.8,20,6,4.7,0
CUST00023,Small (1-50),Education,815,30,Multi-Year,1,38.2,10,7,4.2,0
CUST00024,Medium (51-200),Education,1568,21,Monthly,5,61.5,24,6,4.1,0
CUST00025,Medium (51-200),Education,2947,3,Monthly,2,93.2,39,3,4.9,0
CUST00026,Large (201-1000),Finance,3887,6,Monthly,6,51.1,22,65,3.6,0
CUST00027,Small (1-50),Manufacturing,357,3,Annual,3,15.7,3,4,3.6,1
CUST00028,Medium (51-200),Manufacturing,2056,12,Multi-Year,1,43.2,19,19,3.7,0
CUST00029,Medium (51-200),Healthcare,2341,6,Monthly,1,48.7,7,12,4.1,0
CUST00030,Small (1-50),Manufacturing,348,1,Annual,4,71.9,13,7,4.6,0
CUST00031,Medium (51-200),Technology,2903,9,Monthly,1,40.5,5,14,4.3,1
CUST00032,Small (1-50),Finance,787,18,Annual,2,50.1,9,3,4.1,0
CUST00033,Small (1-50),Technology,317,10,Annual,0,85.8,31,2,4.9,0
CUST00034,Enterprise (1000+),Technology,20253,14,Multi-Year,2,82.1,32,166,4.9,0
CUST00035,Enterprise (1000+),Technology,15846,11,Annual,8,65.6,24,193,4.8,0
CUST00036,Large (201-1000),Retail,3451,16,Monthly,6,45.3,14,11,4.3,1
CUST00037,Small (1-50),Healthcare,587,12,Monthly,0,77.8,21,3,4.7,0
CUST00038,Small (1-50),Retail,439,9,Monthly,0,88.7,30,8,4.9,0
CUST00039,Medium (51-200),Technology,2107,10,Monthly,0,89.7,21,13,4.7,0
CUST00040,Medium (51-200),Healthcare,2717,26,Monthly,4,69.9,27,14,4.1,0
CUST00041,Small (1-50),Finance,689,15,Multi-Year,1,83.5,28,1,4.8,0
CUST00042,Medium (51-200),Manufacturing,2614,4,Annual,2,59.2,20,3,4.5,0
CUST00043,Small (1-50),Healthcare,513,10,Annual,2,61.6,17,2,4.3,0
CUST00044,Enterprise (1000+),Finance,17741,12,Monthly,3,83.5,34,51,4.3,0
CUST00045,Small (1-50),Manufacturing,513,8,Multi-Year,3,84.1,15,2,4.3,0
CUST00046,Medium (51-200),Finance,2426,1,Annual,1,65.5,15,21,4.1,1
CUST00047,Small (1-50),Technology,426,4,Monthly,1,48.3,17,2,4.6,1
CUST00048,Medium (51-200),Technology,2845,7,Annual,1,82.3,22,21,4.9,0
CUST00049,Medium (51-200),Manufacturing,2500,32,Annual,1,82.7,33,12,4.9,0
CUST00050,Small (1-50),Technology,702,14,Monthly,2,83.7,18,8,4.0,0
CUST00051,Enterprise (1000+),Manufacturing,23166,2,Annual,7,34.4,7,165,3.6,0
CUST00052,Large (201-1000),Finance,5761,9,Annual,3,96.6,39,57,4.5,0
CUST00053,Enterprise (1000+),Education,13788,24,Monthly,7,83.2,21,138,4.0,0
CUST00054,Large (201-1000),Manufacturing,3201,6,Multi-Year,2,80.2,22,65,5.0,0
CUST00055,Medium (51-200),Education,1016,20,Annual,1,87.2,18,10,4.7,0
CUST00056,Enterprise (1000+),Healthcare,18561,2,Annual,6,87.0,17,119,4.5,0
CUST00057,Small (1-50),Retail,816,1,Annual,2,89.0,29,5,4.3,0
CUST00058,Small (1-50),Healthcare,868,22,Monthly,1,57.0,8,1,4.5,0
CUST00059,Small (1-50),Finance,623,6,Annual,1,93.0,37,3,5.0,0
CUST00060,Small (1-50),Finance,710,7,Annual,3,80.5,29,7,4.4,0
CUST00061,Medium (51-200),Manufacturing,2341,11,Monthly,3,67.6,11,23,4.1,0
CUST00062,Small (1-50),Education,979,13,Annual,6,68.0,23,7,4.1,0
CUST00063,Large (201-1000),Retail,4988,1,Annual,7,88.1,27,66,4.2,1
CUST00064,Medium (51-200),Healthcare,2105,5,Annual,2,66.1,10,20,4.2,1
CUST00065,Small (1-50),Healthcare,772,10,Monthly,0,80.3,15,6,4.2,0
CUST00066,Medium (51-200),Retail,2491,13,Annual,5,79.9,19,11,4.0,0
CUST00067,Small (1-50),Technology,723,4,Monthly,0,66.9,23,5,4.3,0
CUST00068,Large (201-1000),Technology,6802,8,Monthly,6,89.2,28,58,4.4,0
CUST00069,Small (1-50),Healthcare,987,6,Monthly,1,94.9,27,4,4.5,0
CUST00070,Enterprise (1000+),Healthcare,15162,11,Monthly,6,69.3,25,187,4.7,0
CUST00071,Large (201-1000),Healthcare,5434,21,Annual,7,84.9,31,14,4.5,0
CUST00072,Small (1-50),Technology,396,7,Annual,2,79.7,25,7,4.7,0
CUST00073,Small (1-50),Technology,643,2,Monthly,2,78.1,29,2,4.7,1
CUST00074,Large (201-1000),Technology,3207,5,Multi-Year,6,98.8,21,60,4.5,0
CUST00075,Large (201-1000),Education,5633,30,Multi-Year,6,85.4,34,66,4.4,0
CUST00076,Large (201-1000),Healthcare,7117,4,Multi-Year,5,49.1,15,67,3.6,0
CUST00077,Large (201-1000),Healthcare,3153,3,Monthly,6,90.4,35,45,4.7,0
CUST00078,Small (1-50),Retail,737,7,Annual,1,67.9,19,2,4.2,0
CUST00079,Medium (51-200),Technology,2318,9,Multi-Year,4,75.8,13,20,4.0,0
CUST00080,Small (1-50),Education,517,6,Annual,0,67.4,19,3,4.8,0
CUST00081,Large (201-1000),Manufacturing,7764,2,Monthly,3,60.1,13,46,3.6,1
CUST00082,Medium (51-200),Technology,2518,12,Monthly,0,68.5,23,18,5.0,0
CUST00083,Small (1-50),Healthcare,528,11,Annual,2,74.6,19,4,5.0,0
CUST00084,Small (1-50),Manufacturing,318,16,Multi-Year,1,92.9,36,5,4.5,0
CUST00085,Small (1-50),Education,851,11,Annual,0,86.2,29,3,5.0,0
CUST00086,Small (1-50),Finance,446,28,Annual,0,48.2,16,2,3.7,0
CUST00087,Large (201-1000),Finance,7498,17,Monthly,4,69.4,12,28,4.6,0
CUST00088,Medium (51-200),Technology,1595,14,Annual,2,76.5,33,8,4.4,0
CUST00089,Large (201-1000),Education,6554,22,Annual,4,52.2,20,65,3.3,0
CUST00090,Medium (51-200),Technology,1366,11,Monthly,1,65.0,24,15,4.0,0
CUST00091,Small (1-50),Education,712,8,Annual,4,96.2,20,4,4.5,0
CUST00092,Large (201-1000),Retail,5849,12,Multi-Year,4,94.4,27,66,4.8,0
CUST00093,Large (201-1000),Finance,4742,1,Monthly,4,68.6,10,63,4.0,1
CUST00094,Medium (51-200),Finance,2306,11,Annual,6,73.7,21,7,4.1,0
CUST00095,Large (201-1000),Technology,6849,9,Monthly,5,72.6,10,46,4.4,0
CUST00096,Medium (51-200),Technology,1072,13,Annual,1,71.3,20,23,4.5,0
CUST00097,Medium (51-200),Technology,1480,20,Annual,3,66.6,21,16,4.2,0
CUST00098,Medium (51-200),Technology,2375,15,Annual,3,70.6,16,6,4.1,0
CUST00099,Small (1-50),Retail,858,5,Annual,2,67.9,18,4,4.6,0
CUST00100,Small (1-50),Healthcare,624,18,Monthly,2,52.7,21,6,3.9,0
CUST00101,Small (1-50),Technology,741,28,Multi-Year,1,82.0,11,3,4.0,0
CUST00102,Medium (51-200),Education,1099,20,Annual,5,54.8,20,12,3.9,0
CUST00103,Small (1-50),Manufacturing,357,2,Monthly,2,43.9,7,1,4.2,1
CUST00104,Medium (51-200),Education,1507,15,Annual,2,85.0,9,25,4.4,0
CUST00105,Enterprise (1000+),Education,15619,3,Annual,8,78.8,13,52,4.0,1
CUST00106,Small (1-50),Technology,363,7,Monthly,2,48.6,17,8,3.5,1
CUST00107,Medium (51-200),Healthcare,1594,13,Multi-Year,2,83.0,20,6,4.4,0
CUST00108,Large (201-1000),Retail,4177,12,Multi-Year,10,87.0,35,50,4.3,0
CUST00109,Small (1-50),Retail,564,20,Monthly,0,33.2,9,4,3.5,0
CUST00110,Small (1-50),Technology,377,29,Multi-Year,0,67.7,7,2,4.2,0
CUST00111,Small (1-50),Manufacturing,613,14,Monthly,1,59.2,20,7,3.7,0
CUST00112,Small (1-50),Technology,960,7,Monthly,0,76.2,10,5,4.4,0
CUST00113,Enterprise (1000+),Technology,10994,1,Monthly,6,82.9,31,73,5.0,1
CUST00114,Large (201-1000),Finance,3559,24,Multi-Year,6,76.4,12,56,4.3,1
CUST00115,Medium (51-200),Finance,1916,9,Annual,2,60.1,13,21,3.5,0
CUST00116,Large (201-1000),Finance,4271,9,Monthly,5,86.9,31,48,4.5,0
CUST00117,Large (201-1000),Technology,4813,10,Monthly,2,78.6,34,15,4.9,0
CUST00118,Small (1-50),Manufacturing,908,13,Annual,6,59.9,13,3,3.5,1
CUST00119,Large (201-1000),Healthcare,5461,14,Monthly,4,87.3,34,62,4.0,0
CUST00120,Medium (51-200),Technology,1024,8,Multi-Year,3,87.3,14,14,4.6,0
CUST00121,Large (201-1000),Manufacturing,3283,9,Annual,4,34.7,13,34,3.8,1
CUST00122,Large (201-1000),Education,5928,6,Annual,4,89.4,29,74,4.9,0
CUST00123,Small (1-50),Manufacturing,599,5,Multi-Year,1,72.0,12,5,4.3,0
CUST00124,Small (1-50),Manufacturing,366,5,Monthly,1,28.9,5,1,4.1,0
CUST00125,Small (1-50),Retail,305,9,Multi-Year,0,64.2,9,8,4.9,0
CUST00126,Medium (51-200),Finance,1816,4,Annual,2,78.5,18,9,4.0,0
CUST00127,Large (201-1000),Technology,3082,1,Annual,1,83.5,14,52,4.8,1
CUST00128,Large (201-1000),Healthcare,4920,7,Monthly,6,89.0,28,14,4.2,0
CUST00129,Small (1-50),Healthcare,948,3,Multi-Year,4,62.5,27,7,3.2,0
CUST00130,Medium (51-200),Healthcare,2443,10,Monthly,4,94.0,9,6,4.7,0
CUST00131,Medium (51-200),Retail,2096,5,Monthly,2,93.1,26,14,4.8,0
CUST00132,Small (1-50),Finance,535,13,Monthly,0,81.3,24,5,3.9,0
CUST00133,Small (1-50),Technology,344,3,Annual,1,88.9,37,1,4.4,0
CUST00134,Small (1-50),Technology,916,1,Annual,3,41.2,11,6,3.7,1
CUST00135,Enterprise (1000+),Retail,16367,9,Annual,3,86.2,25,80,4.8,0
CUST00136,Small (1-50),Technology,464,7,Multi-Year,1,74.8,19,5,3.7,0
CUST00137,Medium (51-200),Manufacturing,1656,2,Monthly,3,69.2,13,3,4.3,1
CUST00138,Large (201-1000),Finance,7937,17,Annual,4,74.9,8,12,3.3,0
CUST00139,Medium (51-200),Finance,1369,4,Monthly,2,35.8,8,24,4.0,1
CUST00140,Enterprise (1000+),Finance,20977,5,Multi-Year,4,65.6,7,80,4.2,0
CUST00141,Enterprise (1000+),Manufacturing,15674,19,Annual,7,93.4,27,42,4.2,0
CUST00142,Small (1-50),Healthcare,639,14,Annual,0,35.8,7,1,4.5,0
CUST00143,Medium (51-200),Retail,2150,3,Annual,2,87.2,24,18,3.4,1
CUST00144,Small (1-50),Finance,707,7,Monthly,2,88.0,12,4,4.5,0
CUST00145,Small (1-50),Healthcare,665,3,Annual,2,60.1,25,4,4.6,0
CUST00146,Small (1-50),Manufacturing,569,18,Annual,0,82.0,33,7,4.5,0
CUST00147,Medium (51-200),Manufacturing,1643,18,Annual,2,67.2,11,18,4.8,0
CUST00148,Medium (51-200),Retail,2628,31,Monthly,3,59.0,12,4,3.9,0
CUST00149,Small (1-50),Manufacturing,677,40,Annual,3,74.3,23,1,4.2,0
CUST00150,Small (1-50),Manufacturing,371,5,Annual,2,62.3,8,2,4.7,0
CUST00151,Enterprise (1000+),Retail,10962,16,Monthly,4,71.2,15,83,4.6,0
CUST00152,Small (1-50),Manufacturing,546,1,Monthly,3,84.6,15,2,5.0,0
CUST00153,Small (1-50),Retail,341,11,Annual,0,71.8,30,3,4.4,0
CUST00154,Medium (51-200),Retail,1376,13,Annual,4,69.8,27,22,4.3,0
CUST00155,Enterprise (1000+),Finance,18409,4,Monthly,5,65.2,19,147,3.9,0
CUST00156,Small (1-50),Retail,510,5,Monthly,3,54.9,15,1,4.0,1
CUST00157,Medium (51-200),Technology,2516,18,Monthly,1,87.7,37,24,5.0,1
CUST00158,Large (201-1000),Manufacturing,6751,13,Monthly,2,83.7,35,71,4.4,1
CUST00159,Small (1-50),Manufacturing,337,29,Annual,1,83.5,36,1,4.1,0
CUST00160,Large (201-1000),Technology,3368,27,Annual,4,63.9,9,18,4.0,0
CUST00161,Medium (51-200),Manufacturing,1756,1,Annual,4,73.0,11,11,4.2,0
CUST00162,Medium (51-200),Technology,1150,6,Annual,2,94.6,31,7,4.3,1
CUST00163,Medium (51-200),Healthcare,2134,3,Monthly,5,78.8,22,9,4.1,1
CUST00164,Medium (51-200),Retail,2503,17,Annual,1,77.5,8,13,4.0,0
CUST00165,Small (1-50),Technology,734,12,Annual,4,85.9,10,8,4.2,0
CUST00166,Large (201-1000),Manufacturing,5784,4,Multi-Year,6,81.4,33,34,4.8,0
CUST00167,Small (1-50),Manufacturing,664,4,Annual,1,78.4,31,6,4.4,0
CUST00168,Small (1-50),Finance,367,23,Monthly,1,87.6,19,2,5.0,0
CUST00169,Small (1-50),Technology,597,7,Annual,1,84.9,34,2,4.2,0
CUST00170,Medium (51-200),Healthcare,1943,1,Monthly,1,89.2,27,23,4.7,0
CUST00171,Medium (51-200),Finance,1801,3,Annual,4,79.4,30,18,4.4,0
CUST00172,Small (1-50),Education,594,33,Monthly,2,50.9,12,8,4.3,0
CUST00173,Medium (51-200),Retail,1202,20,Monthly,1,84.2,11,21,4.2,0
CUST00174,Small (1-50),Healthcare,359,3,Multi-Year,2,78.9,19,3,4.2,0
CUST00175,Medium (51-200),Retail,1945,11,Monthly,1,35.3,9,13,4.1,0
CUST00176,Small (1-50),Finance,612,19,Annual,2,64.3,18,6,4.0,0
CUST00177,Medium (51-200),Retail,2184,1,Monthly,3,44.4,6,8,3.2,1
CUST00178,Medium (51-200),Technology,1330,20,Annual,3,72.1,32,9,4.8,0
CUST00179,Enterprise (1000+),Retail,9551,13,Annual,5,68.2,12,200,4.5,0
CUST00180,Small (1-50),Finance,636,5,Annual,4,59.2,10,5,3.9,0
CUST00181,Small (1-50),Education,904,15,Monthly,2,51.2,14,3,4.1,0
CUST00182,Small (1-50),Healthcare,602,12,Monthly,2,89.3,25,3,4.9,0
CUST00183,Enterprise (1000+),Retail,9361,13,Monthly,8,54.1,13,65,4.4,0
CUST00184,Large (201-1000),Education,4573,11,Monthly,5,64.8,23,65,4.2,0
CUST00185,Small (1-50),Technology,937,4,Annual,1,83.8,23,3,4.2,0
CUST00186,Medium (51-200),Education,1274,5,Multi-Year,1,87.6,27,8,5.0,0
CUST00187,Large (201-1000),Retail,5366,8,Multi-Year,4,85.3,30,43,4.4,0
CUST00188,Medium (51-200),Technology,1588,10,Annual,3,94.9,10,14,4.5,0
CUST00189,Medium (51-200),Healthcare,1503,16,Annual,3,45.0,13,8,4.1,0
CUST00190,Small (1-50),Retail,984,33,Annual,2,83.1,34,2,4.9,0
CUST00191,Small (1-50),Technology,685,11,Monthly,2,36.0,3,3,3.9,1
CUST00192,Large (201-1000),Finance,4993,15,Multi-Year,6,70.8,17,36,4.6,0
CUST00193,Enterprise (1000+),Healthcare,8869,18,Annual,6,87.9,37,72,4.3,0
CUST00194,Medium (51-200),Finance,1832,16,Annual,5,56.8,12,20,4.3,0
CUST00195,Small (1-50),Technology,901,4,Monthly,0,85.2,22,3,4.1,0
CUST00196,Small (1-50),Manufacturing,989,24,Monthly,0,94.2,41,6,5.0,1
CUST00197,Large (201-1000),Education,3493,22,Annual,6,50.3,8,64,3.7,0
CUST00198,Large (201-1000),Education,3489,11,Multi-Year,3,76.6,9,30,4.5,0
CUST00199,Large (201-1000),Retail,5556,4,Annual,5,70.7,28,68,3.6,0
CUST00200,Large (201-1000),Technology,7485,10,Monthly,7,98.1,39,43,4.5,0
CUST00201,Medium (51-200),Retail,2642,2,Multi-Year,4,67.1,17,3,4.3,0
CUST00202,Small (1-50),Technology,593,26,Monthly,1,45.0,12,2,3.7,1
CUST00203,Small (1-50),Technology,667,5,Monthly,2,82.2,32,7,4.4,0
CUST00204,Large (201-1000),Healthcare,7027,7,Monthly,2,95.9,34,57,4.7,0
CUST00205,Medium (51-200),Finance,1795,25,Annual,1,94.5,18,24,4.8,0
CUST00206,Small (1-50),Retail,992,23,Multi-Year,1,53.2,5,2,4.1,0
CUST00207,Small (1-50),Retail,847,12,Monthly,3,60.4,16,3,4.7,1
CUST00208,Medium (51-200),Healthcare,1648,29,Multi-Year,2,42.9,17,3,4.4,0
CUST00209,Small (1-50),Healthcare,866,4,Monthly,0,81.0,33,6,4.5,1
CUST00210,Small (1-50),Education,485,12,Multi-Year,2,85.7,37,3,3.9,0
CUST00211,Medium (51-200),Healthcare,1852,4,Annual,5,55.3,22,24,3.8,1
CUST00212,Medium (51-200),Finance,1769,21,Annual,4,89.8,27,21,3.6,1
CUST00213,Medium (51-200),Technology,1444,20,Monthly,2,77.9,19,13,4.3,0
CUST00214,Small (1-50),Manufacturing,868,30,Multi-Year,1,87.0,32,3,5.0,0
CUST00215,Large (201-1000),Retail,7458,9,Annual,6,57.6,20,17,4.3,1
CUST00216,Small (1-50),Technology,421,36,Monthly,2,53.6,15,5,4.1,0
CUST00217,Small (1-50),Technology,486,4,Annual,0,78.7,10,4,4.2,0
CUST00218,Large (201-1000),Retail,3741,9,Monthly,3,87.0,36,56,4.5,0
CUST00219,Medium (51-200),Retail,1679,4,Multi-Year,2,70.7,18,23,5.0,0
CUST00220,Large (201-1000),Healthcare,5467,11,Monthly,4,93.1,21,37,5.0,1
CUST00221,Medium (51-200),Education,2649,4,Annual,2,85.5,27,16,4.4,1
CUST00222,Medium (51-200),Technology,2275,21,Annual,2,91.4,30,6,3.9,0
CUST00223,Small (1-50),Healthcare,917,14,Monthly,2,96.4,16,8,5.0,0
CUST00224,Medium (51-200),Education,2572,3,Monthly,3,89.8,35,10,4.2,0
CUST00225,Small (1-50),Healthcare,633,17,Monthly,3,80.0,16,4,4.6,0
CUST00226,Small (1-50),Retail,390,28,Annual,1,44.9,7,5,3.4,0
CUST00227,Enterprise (1000+),Healthcare,15697,15,Monthly,7,96.4,23,41,4.3,0
CUST00228,Medium (51-200),Healthcare,2889,2,Annual,4,56.8,20,4,3.4,1
CUST00229,Large (201-1000),Education,3062,8,Monthly,3,65.5,28,29,3.7,1
CUST00230,Medium (51-200),Healthcare,2685,16,Monthly,6,54.8,20,18,3.6,1
CUST00231,Large (201-1000),Manufacturing,5559,8,Annual,3,68.9,29,43,4.4,1
CUST00232,Medium (51-200),Technology,2162,3,Monthly,0,59.4,8,13,4.2,1
CUST00233,Medium (51-200),Technology,2721,22,Multi-Year,2,76.2,9,12,5.0,0
CUST00234,Medium (51-200),Technology,2208,7,Multi-Year,4,85.0,25,21,4.9,0
CUST00235,Small (1-50),Retail,503,28,Annual,1,75.1,15,1,4.8,0
CUST00236,Large (201-1000),Healthcare,7351,6,Annual,2,59.5,23,66,4.4,0
CUST00237,Small (1-50),Manufacturing,433,7,Multi-Year,2,88.8,29,6,4.6,0
CUST00238,Small (1-50),Finance,871,6,Monthly,2,89.9,39,7,5.0,0
CUST00239,Medium (51-200),Education,1874,8,Monthly,3,45.4,8,13,3.0,1
CUST00240,Small (1-50),Technology,386,13,Monthly,2,78.1,21,1,4.1,0
CUST00241,Enterprise (1000+),Manufacturing,16003,4,Annual,4,91.6,25,95,3.9,0
CUST00242,Enterprise (1000+),Retail,11278,3,Monthly,9,66.8,12,199,3.3,1
CUST00243,Enterprise (1000+),Retail,15296,1,Annual,5,74.9,22,108,3.9,0
CUST00244,Medium (51-200),Manufacturing,1822,1,Multi-Year,3,76.9,19,19,3.9,0
CUST00245,Small (1-50),Retail,301,2,Multi-Year,2,67.6,17,3,4.7,0
CUST00246,Enterprise (1000+),Finance,21261,6,Annual,10,78.1,17,70,4.2,1
CUST00247,Medium (51-200),Technology,1933,11,Monthly,3,80.2,8,10,3.6,0
CUST00248,Enterprise (1000+),Technology,16312,13,Annual,7,95.9,27,188,4.6,0
CUST00249,Enterprise (1000+),Education,9637,11,Annual,8,78.8,17,50,3.8,0
CUST00250,Large (201-1000),Finance,3924,25,Monthly,2,95.7,9,19,4.6,0
CUST00251,Small (1-50),Manufacturing,943,31,Monthly,1,61.6,12,2,4.4,0
CUST00252,Medium (51-200),Finance,1713,7,Multi-Year,6,76.9,15,16,3.9,0
CUST00253,Large (201-1000),Technology,5068,4,Annual,5,73.5,17,17,4.3,1
CUST00254,Small (1-50),Technology,540,37,Annual,0,83.3,12,7,4.7,0
CUST00255,Small (1-50),Retail,753,22,Multi-Year,1,63.9,17,3,4.2,0
CUST00256,Medium (51-200),Healthcare,1962,21,Annual,2,93.5,32,12,4.3,0
CUST00257,Enterprise (1000+),Technology,10668,6,Annual,5,79.8,25,138,4.3,0
CUST00258,Medium (51-200),Finance,1302,18,Monthly,7,62.3,23,17,4.0,0
CUST00259,Medium (51-200),Technology,2619,11,Monthly,2,54.3,14,7,4.2,0
CUST00260,Small (1-50),Finance,893,9,Monthly,1,52.3,14,6,4.0,0
CUST00261,Medium (51-200),Healthcare,1802,9,Annual,4,50.2,19,15,3.5,0
CUST00262,Enterprise (1000+),Manufacturing,20356,14,Annual,9,56.1,13,74,3.8,1
CUST00263,Small (1-50),Healthcare,427,26,Multi-Year,0,87.4,30,8,4.7,0
CUST00264,Medium (51-200),Finance,1195,39,Monthly,3,54.8,13,4,4.1,0
CUST00265,Large (201-1000),Technology,5187,7,Annual,5,78.3,19,54,4.2,0
CUST00266,Large (201-1000),Technology,6515,11,Annual,8,53.9,19,71,3.7,0
CUST00267,Medium (51-200),Healthcare,1282,9,Annual,2,68.1,10,16,4.0,0
CUST00268,Large (201-1000),Finance,5359,13,Annual,3,68.9,15,24,4.1,0
CUST00269,Medium (51-200),Finance,1745,8,Monthly,2,65.1,11,16,4.7,0
CUST00270,Small (1-50),Healthcare,833,5,Annual,3,70.1,15,7,3.9,0
CUST00271,Large (201-1000),Retail,3276,7,Monthly,4,75.4,13,38,4.3,0
CUST00272,Large (201-1000),Manufacturing,3060,6,Monthly,3,74.0,22,36,3.8,1
CUST00273,Large (201-1000),Retail,6390,8,Annual,3,84.6,32,18,4.7,0
CUST00274,Enterprise (1000+),Technology,22387,2,Annual,6,55.8,20,44,3.8,1
CUST00275,Medium (51-200),Finance,2879,6,Multi-Year,3,79.5,18,5,4.0,0
CUST00276,Medium (51-200),Technology,1152,13,Annual,1,79.5,35,17,4.5,0
CUST00277,Large (201-1000),Technology,5591,13,Annual,6,76.8,23,58,3.3,0
CUST00278,Medium (51-200),Education,1566,12,Annual,3,54.3,13,18,3.5,0
CUST00279,Large (201-1000),Technology,6935,25,Annual,6,86.6,33,17,4.5,0
CUST00280,Large (201-1000),Finance,4571,14,Monthly,2,57.7,20,28,4.5,1
CUST00281,Large (201-1000),Finance,7717,24,Monthly,5,91.1,32,45,4.6,1
CUST00282,Small (1-50),Retail,475,39,Monthly,3,73.6,12,1,4.3,0
CUST00283,Medium (51-200),Finance,2385,18,Annual,3,74.3,19,6,5.0,0
CUST00284,Small (1-50),Technology,612,2,Monthly,1,59.6,23,3,4.4,0
CUST00285,Medium (51-200),Healthcare,1806,12,Monthly,4,91.3,25,21,4.1,0
CUST00286,Small (1-50),Finance,395,11,Monthly,2,57.8,19,6,4.5,1
CUST00287,Medium (51-200),Technology,1880,28,Multi-Year,5,88.5,27,18,4.2,0
CUST00288,Medium (51-200),Healthcare,2236,9,Monthly,3,53.0,20,25,3.8,0
CUST00289,Small (1-50),Technology,435,4,Annual,3,80.6,16,6,3.8,0
CUST00290,Medium (51-200),Technology,2029,6,Monthly,3,78.3,23,19,4.2,0
CUST00291,Small (1-50),Healthcare,407,3,Annual,2,62.3,8,6,3.7,0
CUST00292,Small (1-50),Technology,845,35,Monthly,1,30.7,10,2,4.1,0
CUST00293,Large (201-1000),Finance,3661,10,Monthly,5,51.2,18,33,3.9,1
CUST00294,Medium (51-200),Retail,1424,3,Annual,3,60.3,6,19,3.6,0
CUST00295,Small (1-50),Manufacturing,928,29,Monthly,2,94.6,31,8,4.5,0
CUST00296,Medium (51-200),Technology,1260,33,Monthly,4,78.7,19,22,4.7,0
CUST00297,Large (201-1000),Technology,3086,11,Monthly,3,67.1,9,16,4.9,1
CUST00298,Small (1-50),Technology,763,2,Monthly,4,89.8,22,6,3.7,1
CUST00299,Medium (51-200),Retail,1075,6,Monthly,1,80.7,13,13,4.1,0
CUST00300,Small (1-50),Retail,769,8,Monthly,1,64.0,15,4,3.7,1
CUST00301,Small (1-50),Technology,712,10,Annual,1,63.9,14,6,4.4,0
CUST00302,Medium (51-200),Education,1824,3,Annual,3,67.3,24,7,3.7,1
CUST00303,Medium (51-200),Technology,1894,19,Annual,2,79.3,29,7,4.8,0
CUST00304,Medium (51-200),Finance,1725,1,Monthly,6,40.1,12,22,4.3,1
CUST00305,Large (201-1000),Retail,5504,21,Multi-Year,5,86.9,9,63,4.7,0
CUST00306,Enterprise (1000+),Manufacturing,21596,25,Monthly,4,79.3,33,79,4.0,0
CUST00307,Medium (51-200),Retail,2262,7,Monthly,3,71.8,24,17,4.0,0
CUST00308,Small (1-50),Manufacturing,975,9,Annual,3,65.4,7,2,4.0,0
CUST00309,Large (201-1000),Healthcare,6670,27,Monthly,4,69.4,26,39,4.7,0
CUST00310,Small (1-50),Manufacturing,951,16,Monthly,2,66.7,11,8,3.6,1
CUST00311,Medium (51-200),Technology,1671,7,Annual,5,60.9,18,25,4.2,0
CUST00312,Small (1-50),Manufacturing,856,8,Multi-Year,1,45.6,12,1,3.6,0
CUST00313,Small (1-50),Finance,670,14,Annual,0,90.1,22,3,4.4,0
CUST00314,Enterprise (1000+),Manufacturing,13520,33,Annual,5,79.6,32,146,4.6,0
CUST00315,Large (201-1000),Finance,6318,8,Multi-Year,2,77.8,19,57,3.8,0
CUST00316,Medium (51-200),Retail,2639,7,Monthly,3,85.6,10,9,4.3,0
CUST00317,Medium (51-200),Finance,1596,10,Monthly,2,67.3,29,24,4.2,0
CUST00318,Small (1-50),Retail,748,10,Monthly,2,71.9,30,6,4.3,1
CUST00319,Small (1-50),Technology,783,12,Monthly,0,51.5,17,8,4.1,0
CUST00320,Small (1-50),Technology,944,9,Monthly,3,57.1,15,5,4.3,1
CUST00321,Medium (51-200),Technology,1619,22,Multi-Year,2,75.9,10,20,4.2,0
CUST00322,Large (201-1000),Technology,6089,4,Annual,6,83.4,31,19,4.5,1
CUST00323,Medium (51-200),Manufacturing,2629,13,Annual,1,55.3,6,9,4.3,0
CUST00324,Small (1-50),Technology,960,14,Monthly,0,99.1,12,1,4.8,0
CUST00325,Enterprise (1000+),Education,21045,5,Annual,6,94.4,27,51,4.7,0
CUST00326,Large (201-1000),Healthcare,7384,13,Multi-Year,2,62.9,9,37,4.3,0
CUST00327,Medium (51-200),Technology,2437,14,Annual,4,84.0,8,11,4.4,0
CUST00328,Medium (51-200),Manufacturing,1720,1,Monthly,3,75.3,18,9,3.8,1
CUST00329,Medium (51-200),Retail,1637,4,Annual,2,58.4,8,18,4.7,0
CUST00330,Small (1-50),Finance,533,28,Monthly,3,59.9,9,2,4.8,0
CUST00331,Medium (51-200),Finance,1415,6,Monthly,3,80.7,10,5,4.2,0
CUST00332,Large (201-1000),Retail,3498,3,Monthly,3,80.3,13,17,4.6,0
CUST00333,Small (1-50),Technology,932,1,Annual,1,59.9,21,2,4.0,1
CUST00334,Small (1-50),Education,948,3,Annual,3,75.2,28,7,4.0,0
CUST00335,Small (1-50),Education,413,9,Monthly,1,90.5,23,1,4.6,0
CUST00336,Small (1-50),Retail,972,3,Monthly,1,69.8,19,4,5.0,0
CUST00337,Large (201-1000),Technology,4736,16,Annual,6,74.2,8,67,4.8,0
CUST00338,Large (201-1000),Retail,6611,4,Monthly,5,67.1,8,12,4.7,0
CUST00339,Medium (51-200),Technology,2034,12,Monthly,2,83.8,15,10,4.7,0
CUST00340,Small (1-50),Technology,504,25,Monthly,3,65.5,19,3,3.8,0
CUST00341,Medium (51-200),Healthcare,2702,24,Annual,6,37.8,13,4,4.2,0
CUST00342,Medium (51-200),Finance,1246,12,Monthly,2,93.3,29,21,3.4,0
CUST00343,Small (1-50),Manufacturing,857,3,Monthly,3,55.9,13,1,4.2,0
CUST00344,Medium (51-200),Retail,1757,9,Monthly,2,47.5,6,7,4.4,0
CUST00345,Medium (51-200),Retail,2150,12,Multi-Year,3,79.2,29,22,4.4,0
CUST00346,Medium (51-200),Healthcare,1146,44,Annual,3,51.1,11,19,4.7,0
CUST00347,Medium (51-200),Healthcare,1117,1,Annual,2,90.8,32,12,4.0,1
CUST00348,Small (1-50),Healthcare,680,9,Monthly,2,66.3,18,1,4.9,1
CUST00349,Medium (51-200),Education,1411,15,Annual,1,91.3,32,24,4.5,0
CUST00350,Medium (51-200),Technology,2687,10,Monthly,3,46.7,19,8,4.6,0
CUST00351,Medium (51-200),Manufacturing,2607,11,Annual,3,69.6,29,13,4.7,0
CUST00352,Large (201-1000),Finance,5410,5,Multi-Year,3,85.2,24,40,5.0,0
CUST00353,Medium (51-200),Healthcare,2532,19,Annual,2,76.5,21,25,4.7,0
CUST00354,Small (1-50),Retail,435,10,Multi-Year,1,52.0,10,4,4.4,0
CUST00355,Small (1-50),Finance,473,11,Annual,2,78.9,33,4,4.9,0
CUST00356,Medium (51-200),Manufacturing,2312,20,Monthly,3,88.0,22,18,4.5,0
CUST00357,Small (1-50),Education,779,7,Multi-Year,1,57.2,8,1,4.4,0
CUST00358,Medium (51-200),Healthcare,1018,23,Monthly,2,66.1,16,24,4.2,0
CUST00359,Enterprise (1000+),Healthcare,10242,3,Annual,6,54.3,7,115,3.7,0
CUST00360,Medium (51-200),Finance,1329,12,Monthly,3,81.2,22,14,4.6,0
CUST00361,Medium (51-200),Education,2959,4,Monthly,1,78.7,23,23,4.5,0
CUST00362,Medium (51-200),Technology,1174,3,Monthly,0,75.9,16,20,4.9,1
CUST00363,Medium (51-200),Finance,2001,33,Monthly,2,78.1,9,15,4.3,1
CUST00364,Medium (51-200),Retail,1448,3,Annual,1,69.2,29,17,4.0,0
CUST00365,Enterprise (1000+),Retail,9948,10,Annual,4,64.4,23,104,4.7,0
CUST00366,Medium (51-200),Technology,1945,2,Monthly,4,78.2,30,6,4.3,1
CUST00367,Enterprise (1000+),Retail,13618,23,Monthly,9,60.8,13,164,3.6,0
CUST00368,Enterprise (1000+),Education,12236,7,Annual,9,85.9,31,185,4.8,0
CUST00369,Small (1-50),Technology,391,20,Monthly,1,88.1,23,6,4.9,1
CUST00370,Small (1-50),Technology,537,15,Annual,2,78.6,13,7,5.0,0
CUST00371,Small (1-50),Education,503,40,Annual,2,73.1,10,2,4.2,0
CUST00372,Small (1-50),Technology,858,2,Annual,2,45.6,10,6,3.8,1
CUST00373,Small (1-50),Manufacturing,731,4,Annual,0,48.6,7,8,3.6,0
CUST00374,Medium (51-200),Finance,1244,20,Monthly,3,74.0,33,3,4.1,0
CUST00375,Small (1-50),Technology,615,12,Annual,3,67.6,7,3,4.1,0
CUST00376,Small (1-50),Manufacturing,593,8,Monthly,0,89.2,22,2,4.8,0
CUST00377,Large (201-1000),Healthcare,5687,35,Monthly,4,90.0,23,34,4.1,0
CUST00378,Small (1-50),Finance,580,10,Annual,0,96.8,19,2,4.4,1
CUST00379,Large (201-1000),Healthcare,7166,5,Monthly,5,92.8,27,69,5.0,1
CUST00380,Small (1-50),Finance,567,20,Annual,0,76.1,11,6,3.2,0
CUST00381,Small (1-50),Technology,623,10,Annual,2,79.3,29,7,4.6,0
CUST00382,Medium (51-200),Healthcare,2817,10,Multi-Year,5,71.5,15,7,3.7,0
CUST00383,Medium (51-200),Education,1304,16,Multi-Year,2,95.0,29,14,4.3,0
CUST00384,Large (201-1000),Healthcare,3816,16,Monthly,3,79.0,27,45,4.9,0
CUST00385,Large (201-1000),Retail,3820,4,Monthly,6,63.1,25,63,4.1,1
CUST00386,Large (201-1000),Healthcare,3192,7,Annual,3,94.1,36,45,5.0,0
CUST00387,Small (1-50),Retail,872,2,Monthly,0,85.1,26,5,4.8,0
CUST00388,Small (1-50),Technology,827,12,Annual,1,88.4,20,7,4.2,0
CUST00389,Large (201-1000),Education,3250,33,Annual,6,57.8,15,13,4.2,0
CUST00390,Large (201-1000),Finance,4788,4,Annual,3,69.7,25,74,4.7,0
CUST00391,Enterprise (1000+),Technology,15374,2,Monthly,7,82.6,33,192,4.5,0
CUST00392,Medium (51-200),Technology,1540,5,Monthly,3,30.6,4,9,3.7,1
CUST00393,Medium (51-200),Technology,2652,8,Monthly,5,61.6,14,7,3.4,0
CUST00394,Large (201-1000),Finance,5463,16,Monthly,5,81.4,30,40,4.2,0
CUST00395,Small (1-50),Healthcare,678,7,Multi-Year,0,54.7,13,3,4.8,0
CUST00396,Enterprise (1000+),Manufacturing,17359,13,Monthly,4,84.8,18,149,4.1,0
CUST00397,Large (201-1000),Healthcare,6893,6,Monthly,6,86.1,20,56,4.2,0
CUST00398,Medium (51-200),Technology,1667,8,Monthly,0,83.1,25,21,4.9,1
CUST00399,Large (201-1000),Finance,4096,4,Annual,4,83.5,37,29,4.6,0
CUST00400,Large (201-1000),Retail,5679,3,Annual,2,73.6,20,22,3.8,1
CUST00401,Small (1-50),Technology,391,17,Monthly,3,85.5,14,7,4.4,0
CUST00402,Enterprise (1000+),Technology,8504,7,Monthly,4,48.9,7,68,4.5,0
CUST00403,Medium (51-200),Technology,2621,13,Monthly,4,76.6,8,25,4.3,0
CUST00404,Large (201-1000),Retail,5472,4,Monthly,4,64.2,18,12,4.7,0
CUST00405,Small (1-50),Retail,797,10,Annual,1,52.6,15,6,4.7,0
CUST00406,Large (201-1000),Finance,4387,1,Annual,4,37.5,6,19,3.5,0
CUST00407,Medium (51-200),Manufacturing,1946,7,Monthly,5,49.7,17,3,3.8,0
CUST00408,Small (1-50),Manufacturing,928,5,Monthly,3,45.4,16,1,4.2,0
CUST00409,Enterprise (1000+),Finance,11816,22,Multi-Year,8,77.2,14,148,3.6,0
CUST00410,Small (1-50),Manufacturing,497,3,Annual,1,71.1,15,2,4.2,0
CUST00411,Small (1-50),Technology,711,8,Annual,0,90.4,40,5,4.8,0
CUST00412,Enterprise (1000+),Technology,12434,12,Monthly,4,73.6,16,102,4.0,0
CUST00413,Enterprise (1000+),Healthcare,13057,20,Annual,6,85.6,31,154,4.6,0
CUST00414,Medium (51-200),Technology,2960,18,Monthly,1,61.9,16,4,4.0,0
CUST00415,Medium (51-200),Finance,1428,9,Annual,7,85.3,32,9,4.1,0
CUST00416,Medium (51-200),Education,2806,10,Multi-Year,4,73.9,27,11,4.6,0
CUST00417,Small (1-50),Technology,437,22,Monthly,3,62.6,20,8,4.7,1
CUST00418,Small (1-50),Technology,991,9,Monthly,3,85.5,34,7,4.2,1
CUST00419,Medium (51-200),Finance,1941,11,Monthly,4,65.3,28,6,3.7,0
CUST00420,Large (201-1000),Education,7637,22,Monthly,4,84.3,25,46,4.4,0
CUST00421,Large (201-1000),Healthcare,5104,44,Monthly,4,55.9,10,33,4.2,0
CUST00422,Large (201-1000),Finance,4255,12,Monthly,3,95.1,22,53,4.3,1
CUST00423,Small (1-50),Technology,956,14,Annual,3,49.7,18,6,4.7,0
CUST00424,Medium (51-200),Technology,1434,18,Annual,4,56.8,18,21,4.0,0
CUST00425,Small (1-50),Education,682,22,Monthly,2,62.2,10,1,3.9,0
CUST00426,Medium (51-200),Education,1559,20,Multi-Year,0,28.0,3,12,4.6,0
CUST00427,Medium (51-200),Technology,1193,6,Monthly,4,88.0,29,21,4.9,0
CUST00428,Large (201-1000),Education,6807,12,Multi-Year,3,59.9,11,51,3.8,0
CUST00429,Medium (51-200),Retail,2671,20,Monthly,5,38.2,10,14,4.2,1
CUST00430,Small (1-50),Manufacturing,832,25,Multi-Year,1,49.6,17,6,3.8,0
CUST00431,Small (1-50),Finance,816,8,Annual,2,64.7,19,8,4.5,1
CUST00432,Large (201-1000),Finance,5763,12,Annual,4,84.6,10,57,5.0,0
CUST00433,Medium (51-200),Finance,1750,13,Multi-Year,1,84.1,13,19,4.0,0
CUST00434,Small (1-50),Retail,483,10,Monthly,1,58.7,10,4,4.0,1
CUST00435,Small (1-50),Technology,590,12,Multi-Year,2,68.3,12,4,4.1,0
CUST00436,Large (201-1000),Technology,6406,60,Monthly,3,86.0,25,69,4.5,0
CUST00437,Small (1-50),Healthcare,414,8,Monthly,1,83.3,23,2,4.7,0
CUST00438,Large (201-1000),Retail,5872,9,Monthly,4,76.6,13,48,4.3,0
CUST00439,Large (201-1000),Technology,6120,1,Annual,3,78.2,9,14,3.7,0
CUST00440,Small (1-50),Retail,983,1,Monthly,1,74.5,11,2,3.9,0
CUST00441,Small (1-50),Education,380,14,Annual,1,74.2,32,8,4.0,0
CUST00442,Enterprise (1000+),Technology,23169,20,Annual,8,89.4,23,30,4.6,0
CUST00443,Medium (51-200),Retail,1332,18,Annual,2,95.4,38,16,4.0,1
CUST00444,Medium (51-200),Healthcare,1556,4,Annual,4,81.3,32,8,4.0,0
CUST00445,Large (201-1000),Manufacturing,5382,17,Monthly,1,61.8,17,21,3.8,0
CUST00446,Enterprise (1000+),Technology,24915,9,Monthly,7,75.0,26,86,4.3,1
CUST00447,Enterprise (1000+),Retail,20508,7,Monthly,6,58.0,9,51,4.5,0
CUST00448,Large (201-1000),Manufacturing,3634,2,Monthly,4,63.5,21,63,4.2,0
CUST00449,Medium (51-200),Education,2769,5,Monthly,2,79.1,15,14,5.0,0
CUST00450,Small (1-50),Retail,621,14,Monthly,1,77.4,30,8,4.5,0
CUST00451,Large (201-1000),Finance,3002,12,Monthly,3,92.0,11,25,4.5,0
CUST00452,Medium (51-200),Finance,2717,11,Multi-Year,3,90.1,33,22,4.2,0
CUST00453,Medium (51-200),Manufacturing,1205,1,Annual,0,95.0,12,10,4.7,0
CUST00454,Enterprise (1000+),Finance,20327,11,Monthly,2,64.1,26,69,3.9,1
CUST00455,Small (1-50),Technology,357,6,Annual,1,78.0,16,5,4.0,0
CUST00456,Medium (51-200),Education,1950,12,Monthly,5,90.7,29,22,4.0,0
CUST00457,Small (1-50),Retail,872,23,Monthly,1,87.8,23,1,4.4,0
CUST00458,Medium (51-200),Retail,1643,6,Annual,5,81.9,18,21,4.1,0
CUST00459,Small (1-50),Technology,805,10,Annual,0,59.2,19,1,5.0,0
CUST00460,Small (1-50),Retail,870,35,Monthly,0,82.7,35,7,4.6,0
CUST00461,Small (1-50),Healthcare,420,12,Multi-Year,1,60.3,6,4,4.3,0
CUST00462,Medium (51-200),Retail,2502,9,Multi-Year,3,85.7,36,3,4.2,0
CUST00463,Large (201-1000),Technology,5666,4,Annual,5,67.1,21,38,5.0,0
CUST00464,Medium (51-200),Retail,1095,17,Annual,5,43.6,16,16,3.5,0
CUST00465,Enterprise (1000+),Education,16026,4,Annual,4,84.5,19,41,4.2,0
CUST00466,Medium (51-200),Technology,2437,23,Monthly,3,54.4,14,15,4.5,1
CUST00467,Small (1-50),Education,533,16,Monthly,0,95.2,38,5,4.7,0
CUST00468,Large (201-1000),Healthcare,3897,6,Monthly,1,65.9,16,72,3.8,0
CUST00469,Small (1-50),Manufacturing,360,5,Annual,0,72.6,20,6,4.4,0
CUST00470,Enterprise (1000+),Manufacturing,17471,5,Annual,4,88.3,9,57,4.7,0
CUST00471,Small (1-50),Finance,859,1,Monthly,1,58.3,9,5,4.4,1
CUST00472,Enterprise (1000+),Retail,23240,14,Multi-Year,2,45.6,14,61,4.3,0
CUST00473,Small (1-50),Manufacturing,646,1,Multi-Year,4,81.8,28,7,5.0,0
CUST00474,Large (201-1000),Healthcare,3670,9,Annual,2,81.1,24,55,4.5,0
CUST00475,Medium (51-200),Healthcare,2147,8,Annual,0,39.4,5,16,4.3,0
CUST00476,Enterprise (1000+),Retail,19767,7,Multi-Year,7,73.6,18,157,3.2,0
CUST00477,Small (1-50),Manufacturing,346,14,Monthly,1,59.0,13,5,4.9,0
CUST00478,Medium (51-200),Retail,2432,6,Annual,5,76.1,20,23,4.3,0
CUST00479,Enterprise (1000+),Manufacturing,24633,11,Monthly,7,90.0,36,112,4.0,0
CUST00480,Medium (51-200),Healthcare,1313,23,Annual,3,78.9,29,4,4.3,0
CUST00481,Medium (51-200),Manufacturing,2892,15,Monthly,4,87.5,11,20,4.7,0
CUST00482,Medium (51-200),Technology,2391,7,Multi-Year,0,68.1,28,11,4.7,0
CUST00483,Medium (51-200),Finance,2452,10,Multi-Year,2,50.5,13,12,4.0,1
CUST00484,Medium (51-200),Technology,2853,7,Monthly,1,68.9,24,20,4.5,0
CUST00485,Medium (51-200),Healthcare,1806,8,Annual,3,84.1,12,6,4.3,1
CUST00486,Enterprise (1000+),Healthcare,19577,11,Multi-Year,10,68.7,23,160,4.2,0
CUST00487,Small (1-50),Healthcare,798,2,Annual,0,63.9,11,2,4.3,1
CUST00488,Small (1-50),Retail,653,2,Multi-Year,2,25.7,6,4,3.9,0
CUST00489,Enterprise (1000+),Healthcare,16235,4,Annual,6,60.0,6,82,3.9,1
CUST00490,Large (201-1000),Healthcare,6612,14,Monthly,5,48.0,7,41,4.1,0
CUST00491,Medium (51-200),Technology,1570,15,Monthly,1,94.1,12,19,4.3,0
CUST00492,Medium (51-200),Healthcare,1582,17,Monthly,4,92.7,17,18,4.6,1
CUST00493,Small (1-50),Technology,390,4,Annual,0,83.4,11,2,4.2,0
CUST00494,Small (1-50),Technology,563,10,Monthly,2,62.0,21,7,3.8,0
CUST00495,Medium (51-200),Finance,1894,7,Annual,2,86.7,9,3,4.2,0
CUST00496,Medium (51-200),Retail,1219,9,Annual,1,89.0,28,3,4.5,0
CUST00497,Medium (51-200),Finance,2925,7,Annual,4,67.8,10,20,4.0,0
CUST00498,Small (1-50),Finance,740,12,Multi-Year,2,69.2,29,4,4.4,0
CUST00499,Enterprise (1000+),Healthcare,18640,5,Multi-Year,8,67.2,28,143,4.1,0
CUST00500,Enterprise (1000+),Manufacturing,18966,22,Monthly,9,66.7,11,108,4.4,0
CUST00501,Medium (51-200),Finance,1990,22,Annual,1,56.3,17,23,4.1,0
CUST00502,Medium (51-200),Finance,1898,14,Annual,2,73.5,8,22,4.4,0
CUST00503,Small (1-50),Technology,874,20,Annual,2,67.0,28,4,5.0,1
CUST00504,Large (201-1000),Healthcare,7953,2,Multi-Year,6,79.8,22,37,4.1,0
CUST00505,Medium (51-200),Healthcare,1803,22,Monthly,3,77.2,8,5,4.2,0
CUST00506,Small (1-50),Healthcare,788,13,Monthly,3,66.9,14,6,4.7,0
CUST00507,Enterprise (1000+),Finance,19748,5,Multi-Year,9,68.0,8,197,3.7,0
CUST00508,Large (201-1000),Finance,4493,5,Monthly,5,80.8,19,32,4.8,0
CUST00509,Enterprise (1000+),Finance,11516,28,Annual,8,58.5,19,159,3.9,0
CUST00510,Large (201-1000),Retail,6340,17,Multi-Year,4,89.5,23,70,4.1,0
CUST00511,Medium (51-200),Manufacturing,1266,8,Monthly,2,81.6,19,6,4.8,0
CUST00512,Medium (51-200),Retail,1053,2,Multi-Year,4,83.4,11,3,4.3,0
CUST00513,Enterprise (1000+),Education,24999,23,Monthly,7,95.2,17,158,5.0,0
CUST00514,Large (201-1000),Technology,3954,3,Annual,1,78.3,10,33,4.4,0
CUST00515,Small (1-50),Technology,684,7,Annual,1,72.9,27,5,4.4,0
CUST00516,Small (1-50),Technology,904,8,Multi-Year,2,50.4,7,5,3.8,0
CUST00517,Medium (51-200),Retail,1733,5,Monthly,4,78.3,24,21,4.3,0
CUST00518,Large (201-1000),Manufacturing,3649,8,Annual,5,85.9,18,54,4.3,0
CUST00519,Enterprise (1000+),Technology,18539,9,Annual,6,74.2,13,87,4.7,0
CUST00520,Small (1-50),Education,693,8,Annual,3,71.1,23,5,4.4,0
CUST00521,Medium (51-200),Technology,2230,12,Annual,3,62.7,16,7,4.4,0
CUST00522,Medium (51-200),Education,2359,29,Monthly,2,93.9,22,15,4.6,0
CUST00523,Enterprise (1000+),Healthcare,14539,2,Monthly,6,83.6,25,120,4.2,0
CUST00524,Large (201-1000),Technology,3370,11,Monthly,7,75.6,20,34,4.3,0
CUST00525,Large (201-1000),Finance,3857,3,Annual,3,53.0,10,19,4.7,0
CUST00526,Medium (51-200),Healthcare,1790,2,Monthly,3,88.5,26,5,4.1,0
CUST00527,Medium (51-200),Healthcare,1657,19,Monthly,2,66.5,22,25,4.4,0
CUST00528,Small (1-50),Healthcare,616,12,Multi-Year,0,52.3,5,1,4.7,0
CUST00529,Small (1-50),Manufacturing,667,2,Monthly,2,80.7,21,3,4.1,1
CUST00530,Large (201-1000),Finance,3383,8,Multi-Year,5,70.6,8,54,4.6,0
CUST00531,Large (201-1000),Healthcare,6877,4,Annual,4,80.0,13,21,4.7,1
CUST00532,Enterprise (1000+),Finance,18744,8,Annual,5,80.2,23,28,3.8,0
CUST00533,Enterprise (1000+),Retail,12334,16,Monthly,8,80.1,32,130,4.7,0
CUST00534,Medium (51-200),Healthcare,1194,15,Monthly,5,81.5,33,5,4.1,0
CUST00535,Large (201-1000),Healthcare,5725,7,Annual,4,95.3,11,26,4.7,0
CUST00536,Enterprise (1000+),Technology,20226,19,Annual,8,83.6,20,89,4.7,0
CUST00537,Large (201-1000),Technology,6293,25,Annual,2,75.8,23,62,4.8,0
CUST00538,Small (1-50),Retail,359,16,Monthly,0,87.7,13,4,3.9,0
CUST00539,Medium (51-200),Technology,2152,6,Annual,0,67.4,24,11,5.0,1
CUST00540,Small (1-50),Finance,983,9,Annual,0,74.4,26,2,5.0,0
CUST00541,Enterprise (1000+),Retail,12251,28,Annual,4,93.3,38,139,4.9,1
CUST00542,Medium (51-200),Technology,2940,7,Annual,5,60.5,6,18,4.2,0
CUST00543,Small (1-50),Finance,676,15,Annual,0,50.9,8,3,3.9,0
CUST00544,Medium (51-200),Healthcare,2645,5,Annual,3,60.8,23,18,3.7,0
CUST00545,Medium (51-200),Education,2804,20,Monthly,1,74.7,24,23,3.7,0
CUST00546,Medium (51-200),Finance,1922,4,Annual,3,70.5,29,15,4.5,0
CUST00547,Small (1-50),Manufacturing,884,9,Monthly,1,73.3,8,3,4.8,0
CUST00548,Medium (51-200),Finance,1998,14,Monthly,1,65.3,20,12,4.2,0
CUST00549,Medium (51-200),Technology,2460,32,Monthly,1,77.3,23,24,4.2,0
CUST00550,Large (201-1000),Retail,3974,11,Monthly,2,76.4,8,41,4.4,0
CUST00551,Medium (51-200),Education,2230,8,Monthly,3,84.1,23,20,4.2,0
CUST00552,Large (201-1000),Finance,5435,7,Monthly,4,87.4,27,47,4.4,1
CUST00553,Medium (51-200),Manufacturing,2503,19,Annual,2,72.4,12,8,4.0,0
CUST00554,Medium (51-200),Manufacturing,2814,14,Multi-Year,2,53.3,10,20,4.3,0
CUST00555,Large (201-1000),Technology,5934,16,Monthly,5,86.7,28,47,4.9,0
CUST00556,Medium (51-200),Technology,1837,27,Multi-Year,1,71.5,18,24,4.5,0
CUST00557,Small (1-50),Finance,638,10,Annual,3,50.0,20,4,4.0,0
CUST00558,Small (1-50),Healthcare,638,13,Monthly,2,90.4,19,5,4.9,0
CUST00559,Large (201-1000),Manufacturing,3203,7,Monthly,4,74.8,14,56,4.3,1
CUST00560,Medium (51-200),Education,1160,5,Annual,4,90.0,40,14,4.8,0
CUST00561,Large (201-1000),Healthcare,7487,6,Annual,7,76.7,32,62,4.0,1
CUST00562,Small (1-50),Technology,975,1,Annual,0,34.7,3,3,3.7,1
CUST00563,Small (1-50),Manufacturing,873,14,Monthly,1,52.2,19,1,3.7,1
CUST00564,Small (1-50),Healthcare,832,13,Monthly,1,77.5,10,4,4.2,0
CUST00565,Medium (51-200),Manufacturing,2093,14,Monthly,4,71.6,7,5,4.6,0
CUST00566,Medium (51-200),Healthcare,1892,4,Monthly,1,83.7,16,20,4.1,0
CUST00567,Medium (51-200),Retail,1404,6,Monthly,4,73.8,14,24,3.3,0
CUST00568,Medium (51-200),Technology,1607,5,Monthly,1,76.1,29,10,4.2,0
CUST00569,Enterprise (1000+),Finance,24034,21,Annual,7,93.3,32,92,3.9,0
CUST00570,Small (1-50),Finance,889,11,Multi-Year,0,63.4,28,2,4.1,0
CUST00571,Medium (51-200),Finance,2540,10,Monthly,3,52.9,18,15,4.9,0
CUST00572,Large (201-1000),Technology,5875,17,Multi-Year,5,88.4,21,56,4.1,0
CUST00573,Medium (51-200),Retail,2143,5,Monthly,4,58.4,20,4,4.3,0
CUST00574,Medium (51-200),Manufacturing,2837,13,Annual,0,35.1,15,12,3.9,0
CUST00575,Large (201-1000),Technology,3689,35,Monthly,2,69.1,24,43,4.4,0
CUST00576,Enterprise (1000+),Technology,10103,23,Annual,4,71.8,26,118,4.0,0
CUST00577,Small (1-50),Technology,664,12,Multi-Year,2,87.4,37,5,5.0,0
CUST00578,Enterprise (1000+),Retail,22010,10,Annual,8,63.9,8,173,4.2,1
CUST00579,Medium (51-200),Finance,2527,14,Monthly,4,40.3,13,14,4.0,1
CUST00580,Small (1-50),Finance,753,25,Annual,3,94.2,37,5,4.6,0
CUST00581,Medium (51-200),Technology,1103,24,Monthly,5,51.7,22,14,4.5,0
CUST00582,Enterprise (1000+),Healthcare,12172,28,Multi-Year,7,80.9,14,148,4.5,0
CUST00583,Medium (51-200),Finance,1229,12,Annual,3,89.5,24,4,4.6,0
CUST00584,Small (1-50),Finance,556,1,Monthly,2,76.3,25,3,4.6,1
CUST00585,Medium (51-200),Education,2287,33,Annual,2,79.0,14,18,3.7,0
CUST00586,Small (1-50),Technology,629,5,Annual,0,84.3,26,3,4.6,0
CUST00587,Small (1-50),Retail,480,17,Monthly,0,72.4,13,6,4.3,0
CUST00588,Small (1-50),Healthcare,848,1,Annual,1,92.5,20,2,5.0,0
CUST00589,Small (1-50),Healthcare,986,10,Monthly,1,91.2,23,8,4.3,0
CUST00590,Small (1-50),Retail,325,7,Annual,2,74.7,21,4,4.4,0
CUST00591,Small (1-50),Retail,574,28,Annual,2,93.7,24,2,5.0,0
CUST00592,Medium (51-200),Education,2675,13,Annual,2,81.5,22,18,4.4,0
CUST00593,Small (1-50),Technology,597,10,Annual,2,66.1,13,6,3.7,0
CUST00594,Small (1-50),Technology,389,14,Annual,0,68.8,10,5,5.0,0
CUST00595,Large (201-1000),Retail,5505,1,Monthly,4,65.8,7,32,3.9,1
CUST00596,Medium (51-200),Finance,2474,5,Annual,5,89.4,15,12,4.0,0
CUST00597,Medium (51-200),Healthcare,1364,6,Monthly,1,69.7,21,7,3.9,0
CUST00598,Small (1-50),Technology,973,15,Annual,1,79.5,29,8,4.7,0
CUST00599,Small (1-50),Technology,649,4,Monthly,5,38.6,6,6,4.3,1
CUST00600,Small (1-50),Manufacturing,953,11,Monthly,4,82.5,11,5,5.0,0
CUST00601,Small (1-50),Technology,698,9,Annual,2,79.3,28,4,4.4,0
CUST00602,Small (1-50),Healthcare,551,6,Monthly,0,54.5,11,6,3.8,1
CUST00603,Small (1-50),Technology,757,6,Annual,1,84.6,36,6,4.3,0
CUST00604,Small (1-50),Healthcare,997,9,Monthly,1,75.7,26,6,4.4,0
CUST00605,Small (1-50),Technology,797,1,Monthly,2,77.9,16,8,4.4,1
CUST00606,Medium (51-200),Finance,1949,17,Annual,1,62.9,12,19,4.7,0
CUST00607,Small (1-50),Technology,806,5,Monthly,3,74.5,21,6,3.8,0
CUST00608,Medium (51-200),Manufacturing,2327,8,Monthly,2,40.5,5,19,3.5,1
CUST00609,Medium (51-200),Technology,1500,28,Annual,0,53.8,7,7,4.0,0
CUST00610,Medium (51-200),Finance,1802,17,Monthly,1,93.3,15,25,4.7,0
CUST00611,Small (1-50),Manufacturing,896,3,Annual,0,56.9,21,1,4.0,0
CUST00612,Large (201-1000),Retail,3165,1,Monthly,3,64.1,17,70,4.0,0
CUST00613,Medium (51-200),Finance,2438,14,Monthly,1,86.3,8,19,5.0,1
CUST00614,Small (1-50),Healthcare,760,8,Annual,2,75.4,25,5,4.5,0
CUST00615,Large (201-1000),Healthcare,3919,11,Monthly,1,84.4,20,41,4.1,0
CUST00616,Enterprise (1000+),Retail,16305,17,Monthly,6,95.3,26,151,4.3,0
CUST00617,Small (1-50),Education,731,19,Monthly,3,76.2,13,6,4.5,0
CUST00618,Small (1-50),Retail,654,7,Monthly,2,59.4,17,7,3.6,1
CUST00619,Large (201-1000),Finance,6839,9,Annual,5,61.7,27,16,4.3,0
CUST00620,Large (201-1000),Retail,4258,13,Monthly,7,48.5,6,31,3.7,0
CUST00621,Small (1-50),Finance,740,14,Annual,2,79.1,15,5,4.5,0
CUST00622,Small (1-50),Technology,653,11,Multi-Year,0,60.5,11,6,4.3,0
CUST00623,Medium (51-200),Finance,1514,26,Monthly,2,79.6,14,16,3.9,0
CUST00624,Medium (51-200),Education,2231,13,Multi-Year,3,38.0,8,18,3.6,0
CUST00625,Medium (51-200),Technology,1708,17,Monthly,3,69.0,26,5,4.8,1
CUST00626,Medium (51-200),Retail,2876,12,Multi-Year,5,84.4,35,11,5.0,1
CUST00627,Medium (51-200),Technology,2148,4,Monthly,2,95.0,16,17,3.9,0
CUST00628,Large (201-1000),Finance,7434,5,Annual,4,73.1,21,51,4.7,0
CUST00629,Small (1-50),Technology,835,3,Annual,3,77.8,25,2,4.5,1
CUST00630,Small (1-50),Finance,366,20,Monthly,1,88.1,24,8,5.0,1
CUST00631,Large (201-1000),Retail,4596,2,Annual,3,54.3,13,32,3.8,0
CUST00632,Large (201-1000),Healthcare,7478,8,Annual,1,76.7,12,12,4.7,0
CUST00633,Medium (51-200),Retail,1018,7,Monthly,3,86.2,23,3,4.3,0
CUST00634,Medium (51-200),Manufacturing,1682,7,Monthly,4,85.7,20,5,4.9,0
CUST00635,Small (1-50),Education,748,7,Annual,4,58.5,22,1,5.0,0
CUST00636,Medium (51-200),Technology,1073,29,Annual,2,60.8,22,7,4.3,0
CUST00637,Medium (51-200),Healthcare,1572,1,Multi-Year,1,77.5,11,9,3.9,0
CUST00638,Small (1-50),Technology,963,23,Annual,3,82.8,10,3,5.0,0
CUST00639,Small (1-50),Education,574,8,Multi-Year,1,75.4,31,4,4.6,0
CUST00640,Medium (51-200),Education,2071,18,Annual,4,70.4,20,19,4.4,0
CUST00641,Small (1-50),Finance,509,10,Monthly,3,71.0,28,3,4.9,0
CUST00642,Small (1-50),Manufacturing,949,3,Monthly,3,71.3,8,7,3.8,1
CUST00643,Small (1-50),Finance,920,25,Annual,2,79.5,22,4,4.1,0
CUST00644,Small (1-50),Finance,993,22,Annual,1,86.6,25,7,4.7,0
CUST00645,Small (1-50),Technology,838,3,Monthly,1,76.4,30,2,4.1,0
CUST00646,Large (201-1000),Retail,6262,15,Monthly,4,74.6,10,73,4.1,0
CUST00647,Medium (51-200),Technology,2338,6,Multi-Year,4,77.8,14,23,4.8,0
CUST00648,Medium (51-200),Manufacturing,1900,2,Annual,6,75.5,18,4,4.4,1
CUST00649,Large (201-1000),Manufacturing,6634,5,Monthly,3,82.2,33,40,3.9,1
CUST00650,Medium (51-200),Retail,2684,24,Annual,2,55.3,23,17,4.3,0
CUST00651,Small (1-50),Technology,860,18,Monthly,1,58.7,26,3,4.7,1
CUST00652,Medium (51-200),Healthcare,2923,7,Monthly,1,18.3,7,24,3.8,1
CUST00653,Medium (51-200),Healthcare,2781,24,Monthly,3,52.1,5,12,4.4,1
CUST00654,Large (201-1000),Healthcare,5217,21,Monthly,7,86.7,10,55,4.1,0
CUST00655,Medium (51-200),Technology,2491,5,Annual,5,80.4,12,25,4.4,0
CUST00656,Small (1-50),Education,976,28,Monthly,2,42.1,9,5,3.3,0
CUST00657,Small (1-50),Finance,312,7,Annual,2,81.6,31,6,4.7,0
CUST00658,Medium (51-200),Healthcare,2738,8,Multi-Year,3,60.5,24,16,4.3,0
CUST00659,Medium (51-200),Healthcare,1287,1,Monthly,5,89.4,14,3,3.9,1
CUST00660,Medium (51-200),Healthcare,2930,5,Annual,3,79.8,25,11,5.0,0
CUST00661,Medium (51-200),Finance,1188,8,Annual,0,87.3,36,19,4.8,0
CUST00662,Enterprise (1000+),Finance,21878,12,Multi-Year,5,82.4,21,38,4.1,0
CUST00663,Medium (51-200),Education,1693,3,Monthly,3,70.0,9,15,4.5,1
CUST00664,Small (1-50),Finance,769,5,Annual,2,80.5,20,5,4.0,0
CUST00665,Small (1-50),Education,373,29,Annual,0,71.6,16,7,4.0,0
CUST00666,Small (1-50),Manufacturing,575,20,Monthly,1,64.4,19,6,3.9,1
CUST00667,Small (1-50),Technology,943,23,Monthly,3,76.4,19,7,3.9,1
CUST00668,Small (1-50),Education,641,9,Annual,2,56.0,5,2,4.3,0
CUST00669,Small (1-50),Technology,723,12,Annual,1,57.2,25,8,4.2,0
CUST00670,Small (1-50),Manufacturing,869,15,Monthly,2,78.6,22,8,4.7,0
CUST00671,Small (1-50),Healthcare,809,28,Annual,0,72.7,19,2,3.2,0
CUST00672,Large (201-1000),Manufacturing,5904,2,Monthly,3,80.1,34,65,4.2,0
CUST00673,Small (1-50),Manufacturing,480,6,Annual,1,67.5,10,6,4.1,1
CUST00674,Medium (51-200),Manufacturing,1457,12,Monthly,3,20.6,3,5,3.7,0
CUST00675,Medium (51-200),Manufacturing,1917,10,Multi-Year,2,93.6,35,20,4.6,0
CUST00676,Enterprise (1000+),Healthcare,18066,5,Monthly,6,93.4,17,142,4.5,0
CUST00677,Small (1-50),Technology,362,14,Monthly,1,67.9,25,7,4.3,0
CUST00678,Medium (51-200),Healthcare,1838,6,Monthly,3,81.9,15,8,4.2,0
CUST00679,Enterprise (1000+),Technology,14336,10,Monthly,4,54.6,6,155,3.9,0
CUST00680,Large (201-1000),Retail,4678,14,Annual,1,96.2,27,14,4.6,0
CUST00681,Large (201-1000),Healthcare,3615,7,Monthly,5,67.1,11,33,4.4,0
CUST00682,Small (1-50),Education,704,17,Annual,0,91.3,33,6,4.6,0
CUST00683,Small (1-50),Retail,391,19,Monthly,0,63.0,20,2,3.9,0
CUST00684,Medium (51-200),Manufacturing,1429,5,Monthly,2,74.9,31,17,4.0,0
CUST00685,Enterprise (1000+),Technology,19667,6,Monthly,3,76.4,28,63,4.5,0
CUST00686,Medium (51-200),Manufacturing,1433,4,Monthly,6,85.9,14,18,4.7,0
CUST00687,Medium (51-200),Education,2135,9,Monthly,2,95.2,36,6,5.0,1
CUST00688,Small (1-50),Finance,673,12,Monthly,2,86.7,28,4,4.3,0
CUST00689,Large (201-1000),Finance,3206,7,Annual,8,82.4,27,57,3.5,0
CUST00690,Small (1-50),Retail,594,12,Monthly,2,93.1,36,1,4.7,1
CUST00691,Small (1-50),Technology,416,6,Annual,1,45.2,13,2,3.7,0
CUST00692,Medium (51-200),Finance,1531,6,Annual,4,68.2,17,18,4.2,0
CUST00693,Medium (51-200),Healthcare,2245,13,Monthly,2,90.9,29,6,4.6,0
CUST00694,Small (1-50),Technology,464,7,Annual,1,53.2,10,7,4.3,0
CUST00695,Small (1-50),Healthcare,941,9,Multi-Year,1,69.6,11,2,4.7,0
CUST00696,Medium (51-200),Technology,2179,13,Annual,2,66.4,20,8,4.7,0
CUST00697,Small (1-50),Technology,482,12,Annual,0,74.4,13,2,4.9,0
CUST00698,Medium (51-200),Technology,1089,6,Monthly,4,78.6,10,9,4.4,0
CUST00699,Small (1-50),Education,392,21,Annual,2,72.7,7,2,3.6,0
CUST00700,Medium (51-200),Finance,1012,15,Annual,1,79.4,24,21,4.2,0
CUST00701,Medium (51-200),Education,1972,12,Annual,2,85.7,19,11,5.0,1
CUST00702,Small (1-50),Healthcare,736,3,Multi-Year,1,45.6,16,5,4.1,1
CUST00703,Small (1-50),Healthcare,836,10,Monthly,2,74.3,17,7,5.0,0
CUST00704,Small (1-50),Finance,885,5,Monthly,1,52.8,14,4,4.0,1
CUST00705,Small (1-50),Healthcare,448,14,Annual,1,79.8,19,6,5.0,0
CUST00706,Enterprise (1000+),Technology,22995,1,Annual,8,71.7,23,93,4.1,0
CUST00707,Small (1-50),Retail,306,8,Monthly,1,80.3,18,1,4.3,0
CUST00708,Large (201-1000),Technology,7391,6,Monthly,5,76.7,33,17,4.0,0
CUST00709,Small (1-50),Finance,938,17,Monthly,2,54.6,23,7,4.4,0
CUST00710,Medium (51-200),Retail,1339,1,Monthly,4,80.6,32,21,3.8,0
CUST00711,Large (201-1000),Technology,7723,10,Annual,5,53.0,22,68,3.8,1
CUST00712,Medium (51-200),Technology,1438,14,Annual,2,73.3,18,13,4.3,0
CUST00713,Medium (51-200),Manufacturing,2167,32,Monthly,1,90.5,26,22,3.7,0
CUST00714,Medium (51-200),Finance,1941,6,Monthly,2,81.4,29,25,4.4,0
CUST00715,Small (1-50),Technology,817,12,Monthly,1,75.0,25,4,5.0,0
CUST00716,Enterprise (1000+),Education,9262,1,Monthly,7,74.0,30,106,4.4,1
CUST00717,Large (201-1000),Technology,3943,9,Annual,5,65.1,22,23,3.9,0
CUST00718,Enterprise (1000+),Retail,15382,22,Multi-Year,6,31.4,14,62,3.5,0
CUST00719,Small (1-50),Education,386,32,Annual,0,77.9,17,1,4.6,1
CUST00720,Large (201-1000),Technology,6327,13,Monthly,5,81.9,32,10,4.1,0
CUST00721,Enterprise (1000+),Technology,18020,2,Multi-Year,6,46.0,15,128,4.1,0
CUST00722,Small (1-50),Technology,532,24,Annual,2,76.7,26,1,4.1,0
CUST00723,Small (1-50),Healthcare,763,2,Annual,2,83.7,17,1,4.0,0
CUST00724,Large (201-1000),Technology,6294,3,Annual,2,43.7,16,69,4.4,0
CUST00725,Medium (51-200),Retail,1630,26,Monthly,3,84.5,35,12,4.7,0
CUST00726,Large (201-1000),Technology,4230,9,Monthly,2,47.4,8,59,3.3,0
CUST00727,Small (1-50),Finance,905,6,Monthly,2,56.2,17,4,4.0,0
CUST00728,Large (201-1000),Education,3884,16,Monthly,1,61.2,14,41,4.6,0
CUST00729,Small (1-50),Manufacturing,664,11,Monthly,2,74.3,33,1,4.3,1
CUST00730,Small (1-50),Finance,574,20,Annual,3,70.9,18,8,4.0,0
CUST00731,Small (1-50),Healthcare,678,11,Annual,2,81.1,14,2,4.3,0
CUST00732,Large (201-1000),Finance,6856,11,Annual,5,78.8,18,35,4.3,0
CUST00733,Medium (51-200),Finance,2087,20,Monthly,2,94.5,31,12,4.5,0
CUST00734,Medium (51-200),Healthcare,1809,9,Multi-Year,2,63.4,8,20,4.2,1
CUST00735,Medium (51-200),Technology,2373,4,Multi-Year,2,60.8,18,11,4.1,0
CUST00736,Large (201-1000),Manufacturing,3924,17,Annual,6,24.9,10,66,3.2,1
CUST00737,Medium (51-200),Healthcare,2938,7,Multi-Year,4,51.1,20,4,3.6,0
CUST00738,Large (201-1000),Technology,7589,12,Annual,3,83.2,10,40,4.0,0
CUST00739,Medium (51-200),Healthcare,2546,1,Multi-Year,7,89.2,39,25,4.4,0
CUST00740,Medium (51-200),Healthcare,2121,9,Monthly,6,78.5,27,14,4.5,0
CUST00741,Medium (51-200),Manufacturing,2969,6,Monthly,1,93.0,14,24,4.2,0
CUST00742,Small (1-50),Retail,369,1,Monthly,2,54.1,5,3,3.5,1
CUST00743,Large (201-1000),Retail,5411,9,Monthly,2,64.0,10,37,3.9,0
CUST00744,Medium (51-200),Technology,1569,9,Monthly,3,58.4,22,17,4.7,0
CUST00745,Small (1-50),Healthcare,574,13,Annual,1,85.6,9,3,4.4,0
CUST00746,Large (201-1000),Finance,7145,21,Annual,3,79.7,14,57,4.3,0
CUST00747,Medium (51-200),Technology,2381,19,Annual,3,59.4,21,4,3.8,0
CUST00748,Medium (51-200),Healthcare,1727,6,Monthly,2,74.6,22,13,4.6,0
CUST00749,Enterprise (1000+),Retail,21193,11,Annual,10,84.8,31,196,4.2,0
CUST00750,Medium (51-200),Technology,1927,14,Annual,2,94.4,34,7,4.3,0
CUST00751,Small (1-50),Finance,862,7,Monthly,1,79.6,9,3,4.0,0
CUST00752,Enterprise (1000+),Technology,21070,2,Annual,8,85.7,35,152,4.4,0
CUST00753,Medium (51-200),Technology,1484,8,Monthly,5,92.5,16,8,4.6,0
CUST00754,Small (1-50),Technology,382,22,Monthly,0,30.9,9,1,3.4,0
CUST00755,Small (1-50),Education,936,2,Multi-Year,1,80.2,26,3,4.9,0
CUST00756,Large (201-1000),Manufacturing,5040,4,Monthly,3,71.4,11,30,4.0,0
CUST00757,Medium (51-200),Education,2831,5,Annual,5,75.8,33,12,3.4,0
CUST00758,Medium (51-200),Finance,1583,4,Multi-Year,1,70.9,19,6,4.9,0
CUST00759,Large (201-1000),Technology,7331,16,Annual,6,64.8,7,18,4.1,0
CUST00760,Large (201-1000),Finance,5103,5,Monthly,4,63.8,27,21,4.3,0
CUST00761,Small (1-50),Finance,658,16,Monthly,1,32.0,9,2,4.5,0
CUST00762,Small (1-50),Manufacturing,408,10,Monthly,4,44.6,15,3,3.5,0
CUST00763,Small (1-50),Technology,490,1,Annual,1,60.4,17,6,4.4,0
CUST00764,Large (201-1000),Finance,3903,7,Monthly,4,77.7,30,14,4.8,0
CUST00765,Small (1-50),Technology,391,19,Monthly,1,60.4,6,1,3.8,0
CUST00766,Medium (51-200),Healthcare,1861,11,Multi-Year,0,50.7,9,7,4.7,0
CUST00767,Large (201-1000),Retail,4083,7,Annual,2,46.5,12,72,3.4,1
CUST00768,Large (201-1000),Finance,3649,22,Monthly,3,70.0,8,38,4.2,0
CUST00769,Small (1-50),Healthcare,337,3,Annual,2,69.9,24,2,3.8,1
CUST00770,Large (201-1000),Healthcare,6611,6,Annual,3,57.1,13,15,4.4,0
CUST00771,Small (1-50),Finance,347,18,Monthly,2,83.4,16,5,4.1,0
CUST00772,Large (201-1000),Manufacturing,3636,16,Monthly,5,47.6,4,41,3.7,0
CUST00773,Small (1-50),Manufacturing,311,3,Annual,2,79.5,27,4,4.0,1
CUST00774,Medium (51-200),Education,1035,14,Annual,1,86.8,33,12,4.0,0
CUST00775,Large (201-1000),Manufacturing,5148,5,Annual,3,66.6,15,56,3.9,1
CUST00776,Small (1-50),Healthcare,384,1,Monthly,2,41.6,12,7,3.9,1
CUST00777,Small (1-50),Retail,814,7,Monthly,3,65.9,11,6,4.2,0
CUST00778,Large (201-1000),Healthcare,6294,33,Monthly,5,72.6,23,65,4.1,0
CUST00779,Large (201-1000),Healthcare,7261,20,Monthly,6,81.8,8,20,4.0,1
CUST00780,Medium (51-200),Manufacturing,1382,9,Monthly,2,45.5,12,21,3.8,1
CUST00781,Medium (51-200),Technology,2879,2,Monthly,3,86.3,28,15,3.8,1
CUST00782,Medium (51-200),Education,2918,1,Annual,6,93.4,39,22,4.2,0
CUST00783,Small (1-50),Finance,674,10,Multi-Year,1,44.8,10,3,3.9,0
CUST00784,Small (1-50),Retail,769,13,Annual,2,51.4,18,8,4.2,0
CUST00785,Small (1-50),Retail,940,16,Multi-Year,0,62.2,19,7,4.3,0
CUST00786,Enterprise (1000+),Manufacturing,20298,15,Monthly,6,52.6,22,68,3.5,1
CUST00787,Medium (51-200),Retail,2325,16,Multi-Year,4,55.3,13,17,4.2,0
CUST00788,Medium (51-200),Finance,1095,12,Monthly,4,82.4,17,10,4.4,0
CUST00789,Medium (51-200),Technology,2213,22,Multi-Year,2,44.8,18,25,4.6,0
CUST00790,Enterprise (1000+),Finance,18692,6,Multi-Year,8,88.8,10,53,3.7,0
CUST00791,Small (1-50),Technology,490,10,Annual,5,54.8,8,5,4.0,1
CUST00792,Medium (51-200),Retail,1485,1,Multi-Year,5,81.9,10,10,4.7,0
CUST00793,Medium (51-200),Finance,2289,6,Annual,5,37.3,14,16,3.7,0
CUST00794,Medium (51-200),Retail,2447,19,Monthly,4,73.9,7,12,3.9,1
CUST00795,Small (1-50),Technology,426,15,Monthly,2,95.0,38,3,4.3,0
CUST00796,Large (201-1000),Technology,4943,1,Annual,5,71.0,18,60,4.5,1
CUST00797,Enterprise (1000+),Retail,22139,35,Monthly,7,44.6,4,160,3.2,0
CUST00798,Medium (51-200),Technology,2469,11,Annual,3,46.4,11,21,3.8,0
CUST00799,Medium (51-200),Technology,2366,11,Multi-Year,6,50.4,8,6,3.6,0
CUST00800,Enterprise (1000+),Technology,15657,5,Monthly,6,95.3,30,79,4.1,0
CUST00801,Large (201-1000),Education,7920,7,Annual,2,97.2,32,44,4.8,0
CUST00802,Small (1-50),Retail,737,11,Multi-Year,1,63.9,17,4,4.1,0
CUST00803,Medium (51-200),Healthcare,1105,15,Multi-Year,1,58.0,6,18,4.3,0
CUST00804,Medium (51-200),Healthcare,1180,12,Multi-Year,2,55.2,18,6,3.6,0
CUST00805,Medium (51-200),Healthcare,1183,6,Annual,4,70.5,27,22,4.6,0
CUST00806,Large (201-1000),Retail,3225,4,Multi-Year,3,77.3,27,70,4.4,0
CUST00807,Enterprise (1000+),Retail,13208,4,Annual,13,95.9,37,86,4.8,0
CUST00808,Enterprise (1000+),Technology,8687,20,Monthly,8,64.5,10,133,3.9,1
CUST00809,Medium (51-200),Technology,1529,19,Annual,4,84.6,34,23,4.6,0
CUST00810,Small (1-50),Technology,669,14,Annual,0,65.9,14,1,4.6,0
CUST00811,Enterprise (1000+),Retail,21223,20,Monthly,10,76.8,8,111,4.3,0
CUST00812,Large (201-1000),Retail,5153,9,Annual,4,54.8,21,34,4.7,0
CUST00813,Small (1-50),Healthcare,569,18,Annual,0,70.4,30,8,3.7,0
CUST00814,Enterprise (1000+),Technology,14094,14,Monthly,10,79.1,26,88,4.2,0
CUST00815,Large (201-1000),Technology,4526,18,Annual,1,82.2,14,69,4.3,1
CUST00816,Medium (51-200),Education,1678,3,Annual,2,83.7,15,19,4.3,0
CUST00817,Medium (51-200),Healthcare,2548,12,Annual,3,81.9,21,8,5.0,0
CUST00818,Medium (51-200),Retail,1848,7,Monthly,2,70.5,29,5,4.0,0
CUST00819,Small (1-50),Finance,330,1,Monthly,2,81.1,12,8,4.8,0
CUST00820,Small (1-50),Healthcare,691,23,Monthly,1,66.5,25,4,3.8,0
CUST00821,Large (201-1000),Technology,7135,19,Multi-Year,2,78.0,15,65,4.8,0
CUST00822,Small (1-50),Technology,958,12,Monthly,1,72.3,27,7,4.3,0
CUST00823,Small (1-50),Finance,516,4,Annual,2,78.2,32,4,4.3,0
CUST00824,Medium (51-200),Retail,2754,1,Monthly,3,78.0,19,10,3.7,0
CUST00825,Medium (51-200),Retail,1980,1,Monthly,0,54.8,12,22,4.0,0
CUST00826,Enterprise (1000+),Finance,22031,6,Annual,6,73.4,27,78,3.9,0
CUST00827,Small (1-50),Technology,499,16,Annual,2,80.7,23,1,5.0,0
CUST00828,Small (1-50),Education,745,7,Monthly,0,52.7,17,5,4.2,0
CUST00829,Large (201-1000),Manufacturing,6915,14,Monthly,9,78.4,24,19,3.9,0
CUST00830,Medium (51-200),Healthcare,2451,14,Monthly,3,87.0,13,25,4.2,1
CUST00831,Small (1-50),Education,336,16,Annual,1,78.4,31,3,3.9,0
CUST00832,Medium (51-200),Finance,2234,1,Annual,2,51.0,8,19,4.7,0
CUST00833,Small (1-50),Finance,742,5,Monthly,1,56.3,23,8,4.6,0
CUST00834,Small (1-50),Retail,625,14,Monthly,2,71.0,13,5,4.3,0
CUST00835,Medium (51-200),Manufacturing,1760,26,Monthly,1,97.6,34,16,5.0,0
CUST00836,Medium (51-200),Retail,1226,21,Multi-Year,4,75.3,15,13,4.3,0
CUST00837,Enterprise (1000+),Technology,19151,12,Multi-Year,9,64.9,13,162,4.4,0
CUST00838,Medium (51-200),Healthcare,2462,23,Monthly,4,79.5,16,9,4.6,0
CUST00839,Medium (51-200),Education,2830,12,Annual,4,67.3,24,12,4.0,0
CUST00840,Medium (51-200),Technology,2731,2,Monthly,3,65.4,19,3,4.3,0
CUST00841,Small (1-50),Healthcare,485,16,Monthly,5,69.4,28,6,4.3,0
CUST00842,Medium (51-200),Healthcare,1344,22,Annual,3,73.3,15,5,3.8,1
CUST00843,Small (1-50),Healthcare,522,32,Multi-Year,2,93.9,32,5,4.7,0
CUST00844,Enterprise (1000+),Finance,19069,6,Multi-Year,9,79.6,28,186,4.6,0
CUST00845,Small (1-50),Education,786,3,Annual,3,47.0,7,1,3.7,0
CUST00846,Medium (51-200),Technology,2932,18,Monthly,0,81.0,19,23,4.4,0
CUST00847,Small (1-50),Technology,527,13,Annual,1,95.3,25,8,4.2,0
CUST00848,Enterprise (1000+),Technology,13509,12,Monthly,5,87.4,19,82,4.2,0
CUST00849,Medium (51-200),Manufacturing,1978,23,Annual,3,74.4,15,17,4.1,0
CUST00850,Medium (51-200),Retail,2612,18,Monthly,4,41.7,14,10,4.5,1
CUST00851,Small (1-50),Healthcare,486,14,Annual,2,89.2,15,8,4.4,0
CUST00852,Large (201-1000),Manufacturing,4881,6,Monthly,2,84.0,29,47,4.2,0
CUST00853,Small (1-50),Manufacturing,568,17,Monthly,0,28.9,12,2,3.8,0
CUST00854,Large (201-1000),Manufacturing,4630,3,Multi-Year,2,83.4,24,73,3.8,0
CUST00855,Small (1-50),Education,608,12,Monthly,1,53.9,16,6,3.2,1
CUST00856,Small (1-50),Healthcare,430,9,Annual,1,49.6,6,1,3.5,0
CUST00857,Small (1-50),Retail,849,2,Monthly,0,69.5,27,1,4.5,0
CUST00858,Medium (51-200),Finance,2095,13,Monthly,2,74.8,14,13,4.3,0
CUST00859,Medium (51-200),Manufacturing,2816,6,Monthly,2,60.9,19,24,4.5,0
CUST00860,Small (1-50),Retail,970,13,Monthly,2,90.3,39,2,3.9,1
CUST00861,Large (201-1000),Retail,6258,4,Multi-Year,3,79.3,24,27,4.3,0
CUST00862,Medium (51-200),Retail,1485,18,Monthly,5,58.8,20,21,3.4,0
CUST00863,Medium (51-200),Technology,2214,29,Multi-Year,6,86.5,22,24,4.5,0
CUST00864,Medium (51-200),Finance,2445,3,Annual,2,81.7,9,20,3.9,0
CUST00865,Medium (51-200),Education,1119,4,Monthly,3,64.9,24,7,4.1,1
CUST00866,Medium (51-200),Education,1219,2,Annual,0,66.1,7,20,4.4,0
CUST00867,Small (1-50),Technology,351,8,Annual,1,86.8,29,4,4.4,0
CUST00868,Small (1-50),Technology,749,13,Annual,0,64.2,6,4,3.4,1
CUST00869,Large (201-1000),Technology,4666,16,Monthly,3,93.2,37,52,5.0,0
CUST00870,Enterprise (1000+),Retail,14901,12,Monthly,7,61.8,9,179,3.8,1
CUST00871,Medium (51-200),Manufacturing,1737,16,Multi-Year,4,72.6,20,21,3.6,0
CUST00872,Small (1-50),Technology,704,9,Multi-Year,2,75.0,23,5,4.6,1
CUST00873,Medium (51-200),Finance,1607,6,Multi-Year,7,68.7,17,8,4.4,0
CUST00874,Medium (51-200),Manufacturing,2020,4,Monthly,3,56.5,12,15,4.0,1
CUST00875,Small (1-50),Retail,720,8,Annual,4,40.7,10,7,4.5,0
CUST00876,Small (1-50),Finance,545,4,Annual,0,79.2,16,2,4.2,0
CUST00877,Large (201-1000),Finance,3071,12,Annual,4,80.5,20,65,4.4,0
CUST00878,Medium (51-200),Finance,2853,4,Monthly,1,94.4,21,16,4.8,0
CUST00879,Small (1-50),Healthcare,483,6,Annual,0,90.3,26,4,5.0,0
CUST00880,Small (1-50),Finance,304,20,Monthly,0,60.1,11,4,3.4,0
CUST00881,Small (1-50),Retail,504,22,Monthly,1,69.9,31,7,5.0,0
CUST00882,Medium (51-200),Manufacturing,2567,21,Multi-Year,0,63.0,17,14,4.7,0
CUST00883,Small (1-50),Retail,909,9,Monthly,1,70.9,11,7,4.5,0
CUST00884,Small (1-50),Retail,685,6,Monthly,2,72.0,19,2,4.0,0
CUST00885,Large (201-1000),Technology,3698,14,Monthly,7,88.4,35,51,4.0,0
CUST00886,Small (1-50),Finance,374,4,Multi-Year,1,54.5,5,3,4.2,0
CUST00887,Medium (51-200),Technology,2200,16,Annual,2,34.7,11,11,4.1,0
CUST00888,Small (1-50),Technology,647,5,Monthly,2,86.2,25,3,4.6,0
CUST00889,Small (1-50),Retail,553,8,Annual,2,79.3,12,2,4.5,0
CUST00890,Small (1-50),Education,606,17,Annual,2,60.0,23,5,4.3,0
CUST00891,Large (201-1000),Technology,6416,1,Monthly,5,63.7,14,36,3.2,1
CUST00892,Large (201-1000),Healthcare,5334,6,Annual,5,35.7,7,67,3.7,1
CUST00893,Large (201-1000),Manufacturing,7861,13,Annual,7,83.5,32,30,3.7,0
CUST00894,Medium (51-200),Technology,1724,15,Annual,2,76.2,24,23,4.3,0
CUST00895,Medium (51-200),Finance,1761,13,Monthly,2,13.8,5,10,4.1,0
CUST00896,Small (1-50),Retail,894,8,Multi-Year,0,70.6,22,1,4.0,0
CUST00897,Small (1-50),Finance,785,18,Annual,0,55.3,19,6,3.9,0
CUST00898,Large (201-1000),Technology,7478,4,Monthly,3,88.9,34,67,4.1,1
CUST00899,Small (1-50),Healthcare,704,4,Monthly,5,96.5,11,5,4.2,0
CUST00900,Small (1-50),Manufacturing,686,13,Monthly,2,90.1,33,1,4.7,0
CUST00901,Small (1-50),Finance,823,3,Monthly,1,79.5,25,4,4.7,0
CUST00902,Small (1-50),Technology,855,30,Annual,2,78.3,9,6,5.0,0
CUST00903,Small (1-50),Retail,937,6,Monthly,1,76.4,21,7,4.0,1
CUST00904,Medium (51-200),Technology,1937,18,Monthly,4,70.2,9,25,4.5,0
CUST00905,Medium (51-200),Retail,2649,3,Annual,1,50.3,17,18,4.4,0
CUST00906,Large (201-1000),Technology,3275,25,Monthly,4,60.0,17,67,4.8,0
CUST00907,Large (201-1000),Education,5547,10,Multi-Year,3,83.8,36,26,4.0,0
CUST00908,Small (1-50),Healthcare,635,6,Monthly,0,37.0,6,1,3.1,0
CUST00909,Small (1-50),Healthcare,779,7,Monthly,2,71.3,22,4,4.2,0
CUST00910,Medium (51-200),Technology,2920,5,Monthly,3,43.5,7,24,5.0,0
CUST00911,Medium (51-200),Healthcare,1910,8,Monthly,2,97.0,30,21,4.2,1
CUST00912,Small (1-50),Manufacturing,571,3,Monthly,1,72.5,25,4,4.5,0
CUST00913,Medium (51-200),Education,2943,6,Annual,2,92.1,32,14,3.7,0
CUST00914,Medium (51-200),Healthcare,2081,17,Multi-Year,1,85.7,33,24,5.0,0
CUST00915,Medium (51-200),Healthcare,2351,11,Monthly,2,74.4,29,8,3.6,0
CUST00916,Medium (51-200),Retail,2754,4,Annual,4,66.5,8,14,3.2,1
CUST00917,Small (1-50),Manufacturing,407,8,Annual,2,62.3,13,1,4.2,0
CUST00918,Enterprise (1000+),Finance,15446,22,Annual,9,67.3,22,76,4.1,0
CUST00919,Large (201-1000),Healthcare,6757,6,Monthly,6,84.3,23,46,4.9,0
CUST00920,Small (1-50),Healthcare,626,3,Monthly,1,74.3,12,5,4.7,0
CUST00921,Large (201-1000),Retail,4799,14,Monthly,3,95.9,28,12,3.8,0
CUST00922,Medium (51-200),Technology,1314,1,Annual,2,80.5,19,4,4.3,0
CUST00923,Large (201-1000),Finance,6545,8,Annual,1,34.3,8,17,3.6,0
CUST00924,Large (201-1000),Healthcare,4134,23,Monthly,3,34.6,13,19,3.3,0
CUST00925,Medium (51-200),Manufacturing,1698,8,Monthly,5,66.3,16,17,4.3,0
CUST00926,Small (1-50),Technology,527,19,Multi-Year,1,51.4,5,1,4.5,0
CUST00927,Small (1-50),Finance,795,3,Annual,1,65.1,7,8,3.9,1
CUST00928,Medium (51-200),Finance,1155,8,Multi-Year,3,74.0,29,12,4.2,0
CUST00929,Medium (51-200),Retail,2496,7,Annual,4,71.2,31,13,4.1,0
CUST00930,Small (1-50),Technology,999,14,Monthly,0,83.4,28,5,4.2,0
CUST00931,Small (1-50),Finance,570,10,Annual,2,69.2,15,1,4.1,0
CUST00932,Large (201-1000),Finance,3886,25,Annual,5,69.4,29,23,3.9,0
CUST00933,Enterprise (1000+),Finance,18997,6,Monthly,5,72.9,24,115,4.3,0
CUST00934,Medium (51-200),Finance,1721,10,Annual,2,79.8,31,11,4.2,0
CUST00935,Small (1-50),Retail,809,7,Annual,2,56.6,20,8,4.3,0
CUST00936,Small (1-50),Manufacturing,584,9,Monthly,1,69.7,16,4,4.1,0
CUST00937,Small (1-50),Healthcare,311,9,Annual,1,53.8,14,2,4.4,0
CUST00938,Enterprise (1000+),Manufacturing,14751,4,Annual,12,84.0,13,139,3.9,0
CUST00939,Small (1-50),Finance,796,17,Multi-Year,2,82.8,16,1,4.7,0
CUST00940,Medium (51-200),Technology,2756,5,Monthly,1,84.3,31,23,4.1,0
CUST00941,Small (1-50),Technology,536,5,Monthly,1,62.9,25,1,4.6,1
CUST00942,Medium (51-200),Healthcare,2117,2,Annual,3,52.7,18,14,3.3,0
CUST00943,Medium (51-200),Manufacturing,2361,6,Monthly,2,55.0,14,13,4.1,0
CUST00944,Large (201-1000),Retail,5828,5,Annual,2,80.3,10,74,4.2,0
CUST00945,Small (1-50),Manufacturing,469,1,Annual,3,70.4,8,6,4.2,1
CUST00946,Small (1-50),Finance,904,8,Monthly,1,54.4,12,3,3.6,1
CUST00947,Small (1-50),Healthcare,959,25,Annual,2,43.0,11,3,3.9,0
CUST00948,Enterprise (1000+),Technology,21878,2,Annual,4,80.5,25,149,3.9,1
CUST00949,Large (201-1000),Healthcare,5983,9,Monthly,4,79.4,8,16,4.2,0
CUST00950,Medium (51-200),Healthcare,2490,8,Multi-Year,2,73.5,32,4,4.2,0
CUST00951,Medium (51-200),Technology,1627,15,Annual,0,97.4,22,17,4.8,0
CUST00952,Medium (51-200),Technology,1142,16,Annual,5,65.5,25,10,4.2,0
CUST00953,Small (1-50),Finance,499,37,Annual,0,65.7,18,6,5.0,0
CUST00954,Enterprise (1000+),Retail,11435,12,Annual,6,87.4,12,140,4.2,0
CUST00955,Medium (51-200),Education,1478,4,Multi-Year,2,72.3,27,17,4.3,0
CUST00956,Medium (51-200),Education,1564,6,Annual,6,63.5,22,10,5.0,0
CUST00957,Medium (51-200),Retail,1470,6,Annual,5,64.7,18,12,4.0,0
CUST00958,Small (1-50),Healthcare,682,5,Multi-Year,0,49.2,13,3,4.5,0
CUST00959,Small (1-50),Retail,990,29,Monthly,2,71.7,9,3,4.5,0
CUST00960,Large (201-1000),Manufacturing,7512,15,Annual,6,73.0,24,50,5.0,0
CUST00961,Small (1-50),Technology,606,14,Monthly,3,79.0,33,5,3.8,1
CUST00962,Medium (51-200),Healthcare,1648,3,Monthly,2,74.4,9,8,3.7,0
CUST00963,Small (1-50),Manufacturing,992,16,Monthly,1,92.8,17,8,4.1,0
CUST00964,Medium (51-200),Healthcare,2390,21,Multi-Year,0,59.1,24,13,4.3,0
CUST00965,Small (1-50),Finance,299,8,Multi-Year,1,67.6,13,8,3.9,0
CUST00966,Medium (51-200),Finance,2067,6,Annual,6,76.5,25,10,3.4,0
CUST00967,Large (201-1000),Technology,5786,26,Annual,7,78.0,22,72,3.9,0
CUST00968,Small (1-50),Healthcare,396,5,Annual,0,94.6,29,7,4.8,0
CUST00969,Medium (51-200),Healthcare,2743,5,Multi-Year,6,67.9,16,6,3.8,0
CUST00970,Medium (51-200),Technology,2288,4,Annual,4,83.0,17,18,4.8,0
CUST00971,Medium (51-200),Technology,2823,9,Monthly,3,60.4,7,22,3.7,0
CUST00972,Enterprise (1000+),Manufacturing,9806,12,Monthly,8,81.7,29,62,4.2,0
CUST00973,Large (201-1000),Healthcare,4504,19,Annual,8,77.8,28,14,4.0,0
CUST00974,Small (1-50),Finance,535,14,Annual,2,92.6,31,5,4.6,0
CUST00975,Small (1-50),Healthcare,370,14,Monthly,2,79.9,25,8,4.5,0
CUST00976,Small (1-50),Education,965,23,Monthly,1,71.4,13,6,5.0,0
CUST00977,Medium (51-200),Healthcare,2213,4,Annual,3,75.0,8,19,4.6,0
CUST00978,Small (1-50),Healthcare,566,2,Monthly,1,76.5,29,1,4.2,0
CUST00979,Medium (51-200),Manufacturing,2344,15,Annual,4,62.7,17,24,4.4,1
CUST00980,Medium (51-200),Manufacturing,1106,9,Multi-Year,1,62.6,12,15,4.5,0
CUST00981,Small (1-50),Technology,530,19,Monthly,1,77.0,10,1,5.0,1
CUST00982,Large (201-1000),Manufacturing,6113,9,Monthly,4,76.5,9,35,4.2,0
CUST00983,Small (1-50),Finance,437,5,Annual,0,84.5,18,4,4.5,0
CUST00984,Small (1-50),Finance,913,15,Annual,1,41.5,15,3,4.5,0
CUST00985,Large (201-1000),Technology,4504,10,Annual,3,66.6,28,11,3.4,0
CUST00986,Medium (51-200),Technology,1415,9,Multi-Year,4,72.3,29,4,4.2,0
CUST00987,Medium (51-200),Retail,1505,42,Monthly,4,82.9,34,24,4.7,0
CUST00988,Medium (51-200),Finance,1732,22,Annual,1,79.6,33,9,4.8,0
CUST00989,Small (1-50),Healthcare,722,16,Annual,3,65.6,18,4,3.3,1
CUST00990,Large (201-1000),Retail,6478,10,Multi-Year,4,77.8,13,47,3.8,0
CUST00991,Large (201-1000),Retail,4591,10,Monthly,4,76.5,29,61,3.3,1
CUST00992,Medium (51-200),Technology,1389,7,Annual,1,61.1,10,6,4.6,0
CUST00993,Small (1-50),Finance,640,11,Annual,0,56.6,10,2,4.3,1
CUST00994,Medium (51-200),Technology,1945,6,Monthly,0,81.7,14,7,5.0,0
CUST00995,Medium (51-200),Retail,1613,3,Monthly,2,82.5,23,21,4.4,0
CUST00996,Small (1-50),Retail,791,9,Multi-Year,3,72.6,15,2,5.0,0
CUST00997,Enterprise (1000+),Education,8191,12,Monthly,3,90.3,13,42,4.1,0
CUST00998,Small (1-50),Technology,797,19,Monthly,3,68.7,17,7,4.1,1
CUST00999,Enterprise (1000+),Technology,12917,5,Monthly,7,84.2,34,121,4.5,0
CUST01000,Medium (51-200),Healthcare,2735,10,Multi-Year,0,46.7,13,7,3.8,0
